province,province_key,year,geographical_region,statistical_region,population,in_migration,out_migration,net_migration,net_migration_rate,active_insured_total,active_insured_share_of_population,education_population_6_plus,illiterate_total,literate_no_diploma_total,lower_secondary_total,upper_secondary_total,university_total,masters_total,doctorate_total,illiterate_rate,upper_secondary_rate,university_rate,postgraduate_rate,higher_education_share,tr_code,academic_year,upper_secondary_gross_enrollment_rate,general_secondary_gross_enrollment_rate,vocational_secondary_gross_enrollment_rate,investigation_files_total_load,investigation_files_carry_in,investigation_files_opened,investigation_files_closed,investigation_files_carry_out,investigation_files_total_load_per_100k,investigation_files_opened_per_100k,high_justice_risk
Adana,adana,2021,Akdeniz,Akdeniz,2263373.0,53649.0,65628.0,-11979.0,-5.278574930184138,548478,0.24232771178237084,2045393.0,59516.0,221690.0,384204.0,459128.0,288827.0,31690.0,4606.0,0.029097586625162,0.2244693318105615,0.1412085599197807,0.0177452450458176,0.1589538049655983,TR621,2020-2021,126.24,77.9,48.34,245731.0,132916.0,112815.0,109810.0,135921.0,10856.849489677574,4984.375089744377,0
Adıyaman,adiyaman,2021,Güneydoğu Anadolu,Güneydoğu Anadolu,632148.0,17598.0,24860.0,-7262.0,-11.42220803140714,123525,0.1954051899238786,561169.0,28386.0,66093.0,115668.0,114273.0,67126.0,7011.0,870.0,0.0505836922566998,0.203633842924324,0.1196181542458688,0.0140438976493712,0.1336620518952401,TRC12,2020-2021,128.91,71.81,57.1,37040.0,16868.0,20172.0,19355.0,17685.0,5859.387358656517,3191.024886577194,0
Afyonkarahisar,afyonkarahisar,2021,Ege,Ege,744179.0,24643.0,25327.0,-684.0,-0.9187114936986333,188652,0.2535035253615058,673807.0,13759.0,63675.0,125607.0,131685.0,77604.0,8753.0,1482.0,0.0204197937985209,0.1954343009199964,0.1151724455222341,0.0151898095448696,0.13036225506710378,TR332,2020-2021,120.48,77.77,42.72,66428.0,27852.0,38576.0,37324.0,29104.0,8926.34702134836,5183.699083150694,1
Aksaray,aksaray,2021,İç Anadolu,Orta Anadolu,429069.0,14210.0,15529.0,-1319.0,-3.0693798526278804,105414,0.24568076463226193,375001.0,12342.0,38185.0,75550.0,67253.0,40618.0,4872.0,842.0,0.0329119122349007,0.1793408550910531,0.1083143778283257,0.0152372927005528,0.1235516705288786,TR712,2020-2021,120.94,78.18,42.75,36623.0,17614.0,19009.0,17943.0,18680.0,8535.457001088404,4430.289766913946,0
Amasya,amasya,2021,Karadeniz,Batı Karadeniz,335331.0,15244.0,14540.0,704.0,2.101624280925073,85548,0.25511509523426107,309883.0,7533.0,27205.0,50504.0,67395.0,44968.0,4091.0,668.0,0.0243091747530519,0.2174853089714505,0.1451128329079039,0.0153574090866552,0.16047024199455923,TR834,2020-2021,122.13,69.64,52.49,25542.0,9185.0,16357.0,16506.0,9036.0,7616.951609007219,4877.866943408155,0
Ankara,ankara,2021,İç Anadolu,Batı Anadolu,5747325.0,197702.0,165604.0,32098.0,5.600498039180106,2085635,0.36288795222125075,5158955.0,78853.0,392154.0,794379.0,1321201.0,1132120.0,182044.0,37557.0,0.0152846845921315,0.256098570350003,0.2194475431555421,0.0425669539664525,0.26201449712199465,TR510,2020-2021,102.7,59.09,43.61,809514.0,446593.0,362921.0,381335.0,428179.0,14085.056961281989,6314.607230320192,1
Antalya,antalya,2021,Akdeniz,Akdeniz,2619832.0,88305.0,80505.0,7800.0,2.981728882860869,830157,0.31687413544074583,2287823.0,21318.0,213117.0,386954.0,544726.0,393369.0,38960.0,6085.0,0.0093180285362984,0.2380979647463986,0.1719403118160802,0.0196890231455842,0.19162933496166443,TR611,2020-2021,107.3,64.92,42.38,375684.0,199950.0,175734.0,179397.0,196287.0,14340.003481139249,6707.834700851046,1
Ardahan,ardahan,2021,Doğu Anadolu,Kuzeydoğu Anadolu,94932.0,4750.0,6445.0,-1695.0,-17.69689756158677,21899,0.23068090843972527,87479.0,4414.0,7947.0,17632.0,17020.0,9710.0,1120.0,206.0,0.0504578241635135,0.1945609803495696,0.1109980681077744,0.0151579236159535,0.126155991723728,TRA24,2020-2021,121.03,73.77,47.26,9149.0,3627.0,5522.0,5175.0,3974.0,9637.42468293094,5816.79517970758,1
Artvin,artvin,2021,Karadeniz,Doğu Karadeniz,169543.0,8238.0,8224.0,14.0,0.0825783314458286,48119,0.2838159051096182,158363.0,4326.0,12721.0,24585.0,42198.0,25232.0,2193.0,420.0,0.0273169869224503,0.2664637573170501,0.1593301465620125,0.0165000663033663,0.17583021286537892,TR905,2020-2021,120.24,79.77,40.47,14089.0,5584.0,8505.0,8165.0,5924.0,8309.986257173696,5016.426511268528,0
Aydın,aydin,2021,Ege,Ege,1134031.0,46485.0,37246.0,9239.0,8.18036650060673,292669,0.25807848286334323,1042855.0,16073.0,94932.0,173606.0,217681.0,158770.0,15488.0,2567.0,0.0154124974229399,0.2087356343882898,0.1522455183127088,0.0173130492733889,0.16955856758609777,TR321,2020-2021,134.7,75.63,59.07,179808.0,92270.0,87538.0,85850.0,93958.0,15855.651212356628,7719.189334330366,1
Ağrı,agri,2021,Doğu Anadolu,Kuzeydoğu Anadolu,524644.0,14858.0,34800.0,-19942.0,-37.301609569503285,70373,0.13413476566967314,453326.0,27267.0,79162.0,103864.0,65372.0,35245.0,4025.0,414.0,0.0601487671124091,0.1442052739088426,0.0777475812108725,0.0097920701658409,0.08753965137671345,TRA21,2020-2021,128.92,75.38,53.54,40752.0,20595.0,20157.0,19335.0,21417.0,7767.552854888267,3842.0338362775524,0
Balıkesir,balikesir,2021,Marmara,Batı Marmara,1250610.0,50218.0,40287.0,9931.0,7.972579656555302,346938,0.27741502146952285,1164009.0,19419.0,92624.0,180633.0,255585.0,185523.0,16983.0,2542.0,0.0166828606995306,0.2195730445383154,0.1593827882774102,0.0167739252875192,0.17615671356492948,TR221,2020-2021,122.68,79.48,43.2,139589.0,66047.0,73542.0,74267.0,65322.0,11161.67310352548,5880.490320723487,1
Bartın,bartin,2021,Karadeniz,Batı Karadeniz,201711.0,10907.0,8794.0,2113.0,10.530538811738586,49697,0.24637724268879735,188131.0,6270.0,18526.0,29814.0,39141.0,22179.0,2175.0,462.0,0.0333278407067415,0.2080518362205059,0.1178912566243734,0.0140168286991511,0.13190808532352458,TR813,2020-2021,126.11,64.32,61.79,16706.0,6483.0,10223.0,10309.0,6397.0,8282.146238925989,5068.142044806679,1
Batman,batman,2021,Güneydoğu Anadolu,Güneydoğu Anadolu,626319.0,19002.0,24411.0,-5409.0,-8.599042802057475,136056,0.21723115536970777,544620.0,23943.0,78318.0,128543.0,111169.0,59465.0,6489.0,537.0,0.0439627630274319,0.2041221402078513,0.1091862215856927,0.0129007381293378,0.12208695971503067,TRC32,2020-2021,134.91,77.67,57.24,56093.0,30809.0,25284.0,23335.0,32758.0,8955.979301282574,4036.92048301265,0
Bayburt,bayburt,2021,Karadeniz,Kuzeydoğu Anadolu,85042.0,9019.0,6382.0,2637.0,31.496533231410535,19796,0.2327790973871734,78238.0,2756.0,6682.0,12765.0,20536.0,11192.0,1216.0,313.0,0.0352258493315268,0.2624811472685907,0.1430506914798435,0.0195429331015619,0.16259362458140544,TRA13,2020-2021,118.34,69.17,49.17,4813.0,1836.0,2977.0,2900.0,1913.0,5659.556454457797,3500.62322146704,0
Bilecik,bilecik,2021,Marmara,Doğu Marmara,228334.0,11974.0,8855.0,3119.0,13.753750972882754,74267,0.3252559846540594,209217.0,3110.0,14372.0,34237.0,53598.0,33094.0,2863.0,466.0,0.0148649488330298,0.2561837709172773,0.1581802625981636,0.0159117088955486,0.17409197149371228,TR413,2020-2021,129.58,74.53,55.05,24853.0,7943.0,16910.0,15139.0,9714.0,10884.493767901407,7405.817793232721,1
Bingöl,bingol,2021,Doğu Anadolu,Ortadoğu Anadolu,283112.0,12027.0,13376.0,-1349.0,-4.753573549129364,58097,0.20520853937664246,252959.0,12737.0,29715.0,49398.0,64252.0,30476.0,3392.0,497.0,0.0503520333334651,0.2540016366288608,0.1204780221300685,0.0153740329460505,0.13585205507611905,TRB13,2020-2021,134.92,82.78,52.14,20860.0,9776.0,11084.0,11096.0,9764.0,7368.108734352482,3915.0583514651444,0
Bitlis,bitlis,2021,Doğu Anadolu,Ortadoğu Anadolu,352277.0,14158.0,18814.0,-4656.0,-13.130102508424867,65468,0.18584239107293407,307283.0,14085.0,44895.0,72529.0,58113.0,31339.0,3428.0,389.0,0.0458372249685143,0.1891188253173784,0.1019874187638105,0.0124217740649499,0.11440919282876046,TRB23,2020-2021,132.42,68.24,64.18,25423.0,12775.0,12648.0,13202.0,12221.0,7216.764080538894,3590.35645245077,0
Bolu,bolu,2021,Karadeniz,Doğu Marmara,320014.0,18470.0,14162.0,4308.0,13.553136601019316,99799,0.3118582312023849,289119.0,7171.0,21867.0,40767.0,72396.0,45068.0,5027.0,1219.0,0.0248029358153563,0.2504020835711247,0.1558804506103023,0.0216035611633963,0.1774840117736987,TR424,2020-2021,98.81,61.46,37.36,30421.0,11083.0,19338.0,18883.0,11538.0,9506.146606085984,6042.8606248476635,1
Burdur,burdur,2021,Akdeniz,Akdeniz,273716.0,15859.0,11489.0,4370.0,16.093926660307663,72915,0.26638925017171083,252330.0,4923.0,19837.0,39556.0,54670.0,38098.0,4189.0,802.0,0.0195101652597788,0.2166607220703047,0.1509848214639559,0.0197796536281853,0.17076447509214124,TR613,2020-2021,136.12,83.72,52.4,28572.0,12076.0,16496.0,17482.0,11090.0,10438.55675225416,6026.6845927896065,1
Bursa,bursa,2021,Marmara,Doğu Marmara,3147818.0,92019.0,76678.0,15341.0,4.885439298631672,1045956,0.3322796934257317,2843315.0,54019.0,238381.0,501253.0,667284.0,447631.0,43280.0,5685.0,0.0189985984669303,0.2346852177827641,0.1574327853227658,0.0172210957983902,0.17465388112115612,TR411,2020-2021,128.11,76.39,51.72,368609.0,182428.0,186181.0,175307.0,193302.0,11709.984503551348,5914.604973985154,1
Denizli,denizli,2021,Ege,Ege,1051056.0,30589.0,27480.0,3109.0,2.9623587960569853,332365,0.3162200681980789,960475.0,11620.0,86845.0,160408.0,212453.0,141862.0,14156.0,2528.0,0.01209818058773,0.2211957625133397,0.1476998360186366,0.0173705718524688,0.16507040787110544,TR322,2020-2021,135.51,91.69,43.81,108234.0,48757.0,59477.0,61448.0,46786.0,10297.643512809975,5658.785069492016,1
Diyarbakır,diyarbakir,2021,Güneydoğu Anadolu,Güneydoğu Anadolu,1791373.0,40414.0,60761.0,-20347.0,-11.294185301350812,325722,0.1818281284802216,1555527.0,84017.0,256318.0,358652.0,284102.0,169860.0,19682.0,2101.0,0.0540119200759613,0.182640352755047,0.1091977188438387,0.0140036142092036,0.12320133305304247,TRC22,2020-2021,132.66,79.97,52.69,229126.0,139715.0,89411.0,94095.0,135031.0,12790.524363156082,4991.199487767204,0
Düzce,duzce,2021,Karadeniz,Doğu Marmara,400976.0,16828.0,14191.0,2637.0,6.598149665651214,120562,0.3006713618770201,363392.0,8643.0,32575.0,61062.0,84133.0,50986.0,5198.0,1010.0,0.023784233004579,0.2315213323353293,0.1403057854878478,0.0170834800986262,0.15738926558647412,TR423,2020-2021,122.88,74.34,48.53,39639.0,19517.0,20122.0,18992.0,20647.0,9885.6290650812,5018.255456685687,0
Edirne,edirne,2021,Marmara,Batı Marmara,412115.0,19443.0,15822.0,3621.0,8.825153026593664,114109,0.27688630600681846,383259.0,7639.0,27896.0,57132.0,90174.0,57489.0,6460.0,1658.0,0.0199316911018397,0.2352821460161405,0.1500003913802415,0.0211814986732209,0.17118189005346254,TR212,2020-2021,125.58,76.15,49.43,50363.0,24888.0,25475.0,27064.0,23299.0,12220.618031374737,6181.527000958471,1
Elazığ,elazig,2021,Doğu Anadolu,Ortadoğu Anadolu,588088.0,20800.0,22429.0,-1629.0,-2.766162480206825,142030,0.2415114744732081,538821.0,17771.0,63932.0,102371.0,123318.0,78428.0,9873.0,2037.0,0.0329812683618492,0.228866358215437,0.1455548317530311,0.0221038155528459,0.1676586473058771,TRB12,2020-2021,127.61,75.92,51.69,45732.0,19855.0,25877.0,25310.0,20422.0,7776.387207356722,4400.1918080287305,0
Erzincan,erzincan,2021,Doğu Anadolu,Kuzeydoğu Anadolu,237351.0,16049.0,13564.0,2485.0,10.524822274505151,61481,0.25902987558510393,216509.0,8430.0,18997.0,34085.0,54906.0,35106.0,3561.0,803.0,0.0389360257541256,0.2535968481679745,0.1621456844750102,0.0201562059775806,0.18230189045259088,TRA12,2020-2021,119.08,71.34,47.75,18625.0,6589.0,12036.0,10852.0,7773.0,7847.028240875328,5070.970840653716,1
Erzurum,erzurum,2021,Doğu Anadolu,Kuzeydoğu Anadolu,756893.0,28554.0,36798.0,-8244.0,-10.832900796961953,163646,0.21620757491481624,679307.0,30759.0,76770.0,129677.0,145741.0,86906.0,11773.0,2884.0,0.0452799691450257,0.2145436452149028,0.1279333202808155,0.0215764006553737,0.1495097209361894,TRA11,2020-2021,115.33,73.18,42.15,46470.0,19184.0,27286.0,26279.0,20191.0,6139.573228976883,3605.0009710751715,0
Eskişehir,eskisehir,2021,İç Anadolu,Doğu Marmara,898369.0,36776.0,31532.0,5244.0,5.854331636053484,279449,0.31106260345136577,815496.0,11920.0,54863.0,120706.0,215940.0,152602.0,18762.0,4692.0,0.0146168712047637,0.2647959033520703,0.1871278338581673,0.0287604108419906,0.21588824470015794,TR412,2020-2021,129.91,76.27,53.65,116221.0,54113.0,62108.0,62989.0,53232.0,12936.888962107998,6913.4175377823585,1
Gaziantep,gaziantep,2021,Güneydoğu Anadolu,Güneydoğu Anadolu,2130432.0,50203.0,57475.0,-7272.0,-3.4075765158373583,546411,0.25647896764599853,1853829.0,51398.0,244259.0,409805.0,315598.0,195862.0,22870.0,2811.0,0.0277253187861447,0.1702411603227697,0.1056526788608873,0.0138529497596596,0.11950562862054699,TRC11,2020-2021,125.75,74.34,51.4,348570.0,221520.0,127050.0,114228.0,234342.0,16361.470349675557,5963.579217736121,1
Giresun,giresun,2021,Karadeniz,Doğu Karadeniz,450154.0,21392.0,19575.0,1817.0,4.044559155294822,108767,0.2416217561101312,418847.0,17102.0,46465.0,65206.0,91817.0,60266.0,5489.0,1051.0,0.0408311388167994,0.2192136985581847,0.1438854760807645,0.0156142935248432,0.15949976960560777,TR903,2020-2021,130.15,81.98,48.17,31991.0,11390.0,20601.0,19330.0,12661.0,7106.679047614817,4576.433842640518,0
Gümüşhane,gumushane,2021,Karadeniz,Doğu Karadeniz,150119.0,14114.0,11611.0,2503.0,16.813609417770834,28253,0.18820402480698645,138032.0,4498.0,14652.0,19038.0,33339.0,19308.0,2002.0,410.0,0.0325866465747073,0.2415309493450794,0.1398806073953865,0.0174742088791005,0.15735481627448708,TR906,2020-2021,120.8,75.22,45.58,9131.0,3381.0,5750.0,5825.0,3306.0,6082.50787708418,3830.294632924547,0
Hakkari,hakkari,2021,Doğu Anadolu,Ortadoğu Anadolu,278218.0,7886.0,13088.0,-5202.0,-18.524387594856474,65074,0.23389572205967982,246664.0,9042.0,31278.0,62769.0,65539.0,26931.0,2257.0,170.0,0.0366571530503032,0.2657015210975254,0.1091809100638925,0.009839295559952,0.11902020562384458,TRB24,2020-2021,131.86,76.19,55.67,27173.0,13771.0,13402.0,12744.0,14429.0,9766.80157286732,4817.085882293741,0
Hatay,hatay,2021,Akdeniz,Akdeniz,1670712.0,35929.0,49001.0,-13072.0,-7.793719235318808,356543,0.2134078165476755,1496691.0,25828.0,193661.0,292240.0,276208.0,183260.0,17676.0,2120.0,0.0172567350241298,0.1845457746455347,0.1224434435698484,0.013226511016636,0.13566995458648445,TR631,2020-2021,120.88,77.47,43.4,174680.0,93380.0,81300.0,79516.0,95164.0,10455.42259826948,4866.18878657722,0
Isparta,isparta,2021,Akdeniz,Akdeniz,445678.0,22632.0,19998.0,2634.0,5.9276129093237255,128406,0.2881138400369774,406770.0,8258.0,31394.0,60583.0,101274.0,67539.0,8189.0,2350.0,0.0203013988248887,0.2489711630651228,0.1660373183863116,0.0259089903385205,0.1919463087248322,TR612,2020-2021,124.11,76.08,48.03,43496.0,17064.0,26432.0,26905.0,16591.0,9759.512473130826,5930.739233258092,1
Iğdır,igdir,2021,Doğu Anadolu,Kuzeydoğu Anadolu,203159.0,7563.0,10173.0,-2610.0,-12.76508333985445,37041,0.1823251738785877,179601.0,10220.0,25440.0,38509.0,31764.0,19425.0,2142.0,337.0,0.0569039147888931,0.1768587034593348,0.1081564133829989,0.0138028184698303,0.12195923185282932,TRA23,2020-2021,116.02,69.33,46.69,20017.0,8918.0,11099.0,10648.0,9369.0,9852.873857422019,5463.208619849477,1
Kahramanmaraş,kahramanmaras,2021,Akdeniz,Akdeniz,1171298.0,27246.0,35647.0,-8401.0,-7.146755185140602,275590,0.23528598187651648,1052370.0,42437.0,122140.0,215605.0,200031.0,119665.0,13354.0,1722.0,0.040325170804945,0.1900766840559879,0.1137100069367237,0.0143257599513479,0.1280357668880717,TR632,2020-2021,125.58,73.97,51.62,94460.0,44209.0,50251.0,53210.0,41250.0,8064.557439695108,4290.197712281588,0
Karabük,karabuk,2021,Karadeniz,Batı Karadeniz,249287.0,16168.0,11598.0,4570.0,18.50187447874916,62874,0.25221531808718467,224633.0,8251.0,16859.0,33100.0,55041.0,38005.0,3818.0,833.0,0.0367310234916508,0.2450263318390441,0.1691870740274136,0.0207048830759505,0.18989195710336415,TR812,2020-2021,131.27,86.97,44.3,20808.0,7243.0,13565.0,13561.0,7247.0,8347.005660142728,5441.519212794891,1
Karaman,karaman,2021,İç Anadolu,Batı Anadolu,258838.0,12420.0,10885.0,1535.0,5.947987081049558,72653,0.28068907965600104,234943.0,4142.0,20408.0,42401.0,46557.0,31143.0,3277.0,587.0,0.017629808081109,0.1981629586750828,0.1325555560284835,0.016446542352826,0.1490020983813095,TR522,2020-2021,101.48,62.01,39.47,25707.0,10560.0,15147.0,16032.0,9675.0,9931.694727976572,5851.922824314823,1
Kars,kars,2021,Doğu Anadolu,Kuzeydoğu Anadolu,281077.0,11259.0,16471.0,-5212.0,-18.37262014290599,52066,0.18523749719827662,251829.0,12623.0,28326.0,54269.0,46745.0,27051.0,3263.0,667.0,0.050125283426452,0.1856219895246377,0.1074181289684667,0.015605827764078,0.12302395673254471,TRA22,2020-2021,121.3,67.68,53.62,21018.0,7749.0,13269.0,14217.0,6801.0,7477.6662622697695,4720.770465032713,0
Kastamonu,kastamonu,2021,Karadeniz,Batı Karadeniz,375592.0,18463.0,17241.0,1222.0,3.258831780810228,99651,0.2653171526550086,349305.0,15374.0,33212.0,53124.0,67828.0,43268.0,4500.0,850.0,0.0440131117504759,0.1941798714590401,0.1238688252386882,0.0153161277393681,0.13918495297805641,TR821,2020-2021,138.39,78.73,59.65,30401.0,11430.0,18971.0,18725.0,11676.0,8094.155360071567,5050.959551854139,1
Kayseri,kayseri,2021,İç Anadolu,Orta Anadolu,1434357.0,40628.0,39915.0,713.0,0.4972104263561971,393302,0.27420091371952726,1295089.0,26854.0,124055.0,239468.0,290208.0,190944.0,20800.0,3526.0,0.0207352544883015,0.2240834413696665,0.1474369715131546,0.0187832650883452,0.16622023660149998,TR721,2020-2021,118.38,65.64,52.74,166472.0,79807.0,86665.0,79031.0,87441.0,11606.036711920393,6042.08017948112,1
Kilis,kilis,2021,Güneydoğu Anadolu,Güneydoğu Anadolu,145826.0,7474.0,7262.0,212.0,1.4548449080428218,38521,0.2641572833376764,127449.0,3160.0,14477.0,29718.0,25966.0,15375.0,1650.0,243.0,0.0247942314180574,0.203736396519392,0.1206364898900736,0.0148530000235388,0.1354894899136125,TRC13,2020-2021,130.97,78.57,52.4,20560.0,9514.0,11046.0,9915.0,10645.0,14098.994692304528,7574.780903268279,1
Kocaeli,kocaeli,2021,Marmara,Doğu Marmara,2033441.0,83959.0,66332.0,17627.0,8.706292885975321,759829,0.3736666074894723,1835080.0,29279.0,164734.0,333972.0,460405.0,302539.0,31132.0,3956.0,0.0159551627177016,0.2508909693310373,0.1648642021056302,0.0191206922858948,0.18398489439152516,TR421,2020-2021,130.11,76.34,53.77,194126.0,107497.0,86629.0,89200.0,104926.0,9546.674823611798,4260.21704096652,0
Konya,konya,2021,İç Anadolu,Batı Anadolu,2277017.0,64254.0,58865.0,5389.0,2.369496850160872,593774,0.2607683649265684,2049104.0,36513.0,200432.0,379010.0,391638.0,269370.0,34349.0,6226.0,0.0178190077223996,0.1911264630784967,0.1314574565273407,0.0198013375602214,0.15125879408756218,TR521,2020-2021,116.15,75.3,40.85,233131.0,114670.0,118461.0,116530.0,116601.0,10238.439150871513,5202.464452395393,1
Kütahya,kutahya,2021,Ege,Ege,578640.0,21913.0,21052.0,861.0,1.4890796501959929,151495,0.26181218028480574,532248.0,8675.0,48091.0,81462.0,116817.0,73428.0,7945.0,1319.0,0.0162987930438442,0.2194785137755332,0.1379582450286332,0.0174054200297605,0.15536366505839383,TR333,2020-2021,117.14,71.88,45.26,43732.0,17779.0,25953.0,24659.0,19073.0,7557.721553988663,4485.172127747823,0
Kırklareli,kirklareli,2021,Marmara,Batı Marmara,366363.0,17846.0,13855.0,3991.0,10.95322716762609,114024,0.31123230238861455,341754.0,4902.0,22195.0,52061.0,86047.0,52771.0,4828.0,734.0,0.0143436506961147,0.2517805204913476,0.1544122380425686,0.0162748643761302,0.17068710241869883,TR213,2020-2021,133.37,85.99,47.38,31716.0,12732.0,18984.0,18939.0,12777.0,8656.987741666053,5181.745973256033,1
Kırıkkale,kirikkale,2021,İç Anadolu,Orta Anadolu,275968.0,13449.0,16187.0,-2738.0,-9.87246562845924,70488,0.2554209183673469,250460.0,6817.0,19691.0,44297.0,70496.0,35799.0,3929.0,524.0,0.0272179190289866,0.2814661023716361,0.1429330032739758,0.017779286113551,0.16071228938752696,TR711,2020-2021,133.37,85.99,47.38,26882.0,11272.0,15610.0,14261.0,12621.0,9740.984461966606,5656.452922077922,1
Kırşehir,kirsehir,2021,İç Anadolu,Orta Anadolu,242944.0,11676.0,13193.0,-1517.0,-6.224802782080611,55202,0.2272210879873551,213694.0,5915.0,18886.0,34613.0,50714.0,31859.0,3226.0,704.0,0.0276797663949385,0.2373206547680328,0.1490870122698812,0.0183907830823514,0.16747779535223264,TR715,2020-2021,122.1,64.06,58.04,17823.0,6234.0,11589.0,10981.0,6842.0,7336.2585616438355,4770.235115911486,0
Malatya,malatya,2021,Doğu Anadolu,Ortadoğu Anadolu,808692.0,28521.0,31737.0,-3216.0,-3.9689004072565712,205023,0.25352420946417176,739252.0,33951.0,70950.0,132189.0,170098.0,112966.0,12457.0,2074.0,0.0459261523810554,0.2300947444173299,0.1528112199899357,0.0196563553429682,0.17246757533290408,TRB11,2020-2021,126.69,77.0,49.68,66264.0,25561.0,40703.0,38990.0,27274.0,8193.972488908015,5033.189397199428,0
Manisa,manisa,2021,Ege,Ege,1456626.0,43325.0,40605.0,2720.0,1.86907410741404,433850,0.2978458437512443,1338526.0,24316.0,128054.0,230597.0,258415.0,170174.0,15329.0,1849.0,0.0181662515334031,0.1930593802436411,0.1271353712964858,0.0128335198569172,0.13996889115340308,TR331,2020-2021,130.25,86.14,44.1,145620.0,69517.0,76103.0,75321.0,70299.0,9997.075433227199,5224.608101187264,1
Mardin,mardin,2021,Güneydoğu Anadolu,Güneydoğu Anadolu,862757.0,28641.0,35957.0,-7316.0,-8.443990466462376,172141,0.19952431565319087,744317.0,49170.0,113149.0,170116.0,133711.0,70850.0,7950.0,503.0,0.0660605629053212,0.1796425447759489,0.095187937397641,0.0113567203221208,0.10654465771976188,TRC31,2020-2021,135.41,75.4,60.01,63275.0,27764.0,35511.0,35478.0,27797.0,7334.046550766902,4115.990945306732,0
Mersin,mersin,2021,Akdeniz,Akdeniz,1891145.0,57213.0,57930.0,-717.0,-0.3790635333215085,505602,0.2673523183045192,1696538.0,30298.0,184910.0,309431.0,362876.0,251284.0,23717.0,3187.0,0.0178587217026674,0.2138920554682535,0.1481157510176606,0.0158581770641152,0.16397392808177594,TR622,2020-2021,114.98,73.35,41.63,278329.0,152848.0,125481.0,116787.0,161542.0,14717.485967495883,6635.186619746239,1
Muğla,mugla,2021,Ege,Ege,1021141.0,49545.0,35133.0,14412.0,14.2139289007678,335866,0.3289124616482934,932920.0,11398.0,68749.0,142796.0,216486.0,172364.0,17104.0,3061.0,0.0122175534879732,0.2320520516228615,0.1847575354799983,0.0216149294687647,0.20637246494876302,TR323,2020-2021,123.17,71.13,52.04,146909.0,63779.0,83130.0,78778.0,68131.0,14386.749724083158,8140.893373197237,1
Muş,mus,2021,Doğu Anadolu,Ortadoğu Anadolu,405228.0,12190.0,24243.0,-12053.0,-29.307885992736857,62089,0.15321991570177776,351351.0,19866.0,55915.0,85438.0,59528.0,28842.0,3378.0,440.0,0.0565417488494411,0.1694260155798617,0.0820888513196205,0.0108666262512416,0.09295547757086219,TRB22,2020-2021,134.84,83.98,50.86,25919.0,12558.0,13361.0,14468.0,11451.0,6396.152289575252,3297.156168872832,0
Nevşehir,nevsehir,2021,İç Anadolu,Orta Anadolu,308003.0,13646.0,12396.0,1250.0,4.066654087150024,84924,0.2757245870981776,276490.0,6349.0,23528.0,49433.0,59748.0,37185.0,3695.0,757.0,0.0229628557994864,0.2160946146334406,0.1344894932908966,0.0161018481681073,0.15059134145900394,TR714,2020-2021,126.49,83.86,42.63,29757.0,11373.0,18384.0,18277.0,11480.0,9661.269533088964,5968.773031431511,1
Niğde,nigde,2021,İç Anadolu,Orta Anadolu,363725.0,16287.0,16506.0,-219.0,-0.6019220277351378,86859,0.23880404151488074,329189.0,8998.0,31417.0,65654.0,65028.0,38459.0,4314.0,903.0,0.0273338416532751,0.1975400150065767,0.1168295416918548,0.0158480386647184,0.1326775803565733,TR713,2020-2021,121.24,77.11,44.13,33376.0,13733.0,19643.0,20182.0,13194.0,9176.16331019314,5400.508626022407,1
Ordu,ordu,2021,Karadeniz,Doğu Karadeniz,760872.0,27516.0,28547.0,-1031.0,-1.3541068115775476,169856,0.22323859992219452,703307.0,34459.0,78519.0,119809.0,146259.0,88634.0,7845.0,1170.0,0.0489956732977206,0.2079589709756905,0.126024623670744,0.0128180154612423,0.13884263913198647,TR902,2020-2021,130.76,87.34,43.42,53500.0,17916.0,35584.0,34654.0,18846.0,7031.406070929144,4676.739320148461,0
Osmaniye,osmaniye,2021,Akdeniz,Akdeniz,553012.0,18648.0,22445.0,-3797.0,-6.842544878858844,116413,0.2105071861008441,501217.0,19026.0,52844.0,96819.0,110335.0,67505.0,6346.0,583.0,0.0379596063182214,0.2201341933733293,0.1346821835652022,0.0138243515283799,0.14850653509358222,TR633,2020-2021,125.58,81.61,43.97,61150.0,25192.0,35958.0,37289.0,23861.0,11057.626235958713,6502.209716968167,1
Rize,rize,2021,Karadeniz,Doğu Karadeniz,345662.0,15956.0,15605.0,351.0,1.0159586554033224,93792,0.271340210957525,320446.0,9108.0,28820.0,52762.0,80854.0,49316.0,4977.0,855.0,0.0284228856031905,0.2523170830654775,0.1538980046560107,0.0181996342597504,0.17209763891576116,TR904,2020-2021,124.91,80.54,44.37,26341.0,10634.0,15707.0,15682.0,10659.0,7620.450035005294,4544.034345690299,0
Sakarya,sakarya,2021,Marmara,Doğu Marmara,1060876.0,40379.0,31048.0,9331.0,8.834413215926181,312428,0.2945000169671102,947858.0,19419.0,78478.0,164645.0,233649.0,132285.0,14497.0,2565.0,0.020487245979883,0.2465021131857303,0.1395620441036526,0.0180005865857544,0.15756263068940707,TR422,2020-2021,130.36,73.03,57.33,94669.0,42687.0,51982.0,48369.0,46300.0,8923.663085978003,4899.912902167643,0
Samsun,samsun,2021,Karadeniz,Batı Karadeniz,1371274.0,47471.0,45791.0,1680.0,1.225889024936626,333425,0.24314980084213658,1237383.0,24852.0,134331.0,207046.0,258409.0,184329.0,19199.0,3340.0,0.0200843231238832,0.2088350979446137,0.148966811407624,0.0182150554840336,0.16718186689165765,TR831,2020-2021,139.46,81.64,57.82,130696.0,56847.0,73849.0,77505.0,53191.0,9530.990888764754,5385.429899494922,1
Siirt,siirt,2021,Güneydoğu Anadolu,Güneydoğu Anadolu,331980.0,12670.0,16340.0,-3670.0,-10.994113505983854,62188,0.18732453762274837,287430.0,17432.0,44069.0,71154.0,52188.0,29359.0,3208.0,470.0,0.0606478099015412,0.181567686045298,0.1021431305013394,0.0127961590648157,0.11493928956615523,TRC34,2020-2021,125.0,71.99,53.02,27970.0,12447.0,15523.0,16202.0,11768.0,8425.20633773119,4675.884089402976,0
Sinop,sinop,2021,Karadeniz,Batı Karadeniz,218408.0,13211.0,10548.0,2663.0,12.267564660384704,51970,0.23794915937145159,203160.0,6903.0,18939.0,31017.0,37898.0,26018.0,2441.0,508.0,0.0339781453041937,0.1865426265012797,0.1280665485331758,0.0145156526875369,0.14258220122071275,TR823,2020-2021,126.76,65.55,61.21,15725.0,5084.0,10641.0,9895.0,5830.0,7199.827845133878,4872.074282993297,0
Sivas,sivas,2021,İç Anadolu,Orta Anadolu,636121.0,25720.0,28285.0,-2565.0,-4.024138555875517,148178,0.23293995953600022,582089.0,24586.0,54008.0,101023.0,133096.0,81717.0,8966.0,1799.0,0.0422375272509873,0.2286523194906621,0.1403857485710948,0.0184937354940567,0.15887948406515154,TR722,2020-2021,132.26,73.84,58.42,47202.0,16259.0,30943.0,30289.0,16913.0,7420.286392054341,4864.326126633141,0
Tekirdağ,tekirdag,2021,Marmara,Batı Marmara,1113400.0,60190.0,37516.0,22674.0,20.57414140570911,410113,0.36834291359798815,1015195.0,12516.0,86959.0,189177.0,242440.0,141790.0,13423.0,1790.0,0.0123286659213254,0.2388112628608296,0.1396677485606213,0.0149852983909495,0.1546530469515709,TR211,2020-2021,123.24,76.98,46.26,127163.0,59444.0,67719.0,62603.0,64560.0,11421.142446560085,6082.180707742052,1
Tokat,tokat,2021,Karadeniz,Batı Karadeniz,602567.0,35555.0,31400.0,4155.0,6.91935495957881,129078,0.21421352314348446,555456.0,13070.0,64689.0,96752.0,110838.0,71423.0,7006.0,1309.0,0.0235302166148173,0.1995441583131697,0.1285844423320659,0.014969682567116,0.14355412489918193,TR832,2020-2021,130.87,83.35,47.52,44244.0,17688.0,26556.0,29191.0,15053.0,7342.5859696929965,4407.144765644319,0
Trabzon,trabzon,2021,Karadeniz,Doğu Karadeniz,816684.0,29914.0,29442.0,472.0,0.578113976640276,206233,0.2525248443706501,744432.0,24411.0,71556.0,112988.0,187873.0,123035.0,13124.0,2886.0,0.0327914436778644,0.2523709351559309,0.1652736583059298,0.021506329658048,0.1867799879639779,TR901,2020-2021,133.19,85.44,47.76,53259.0,20755.0,32504.0,31652.0,21607.0,6521.371791292593,3979.997159243967,0
Tunceli,tunceli,2021,Doğu Anadolu,Ortadoğu Anadolu,83645.0,7054.0,6517.0,537.0,6.440663736184657,26860,0.3211190148843326,77692.0,4217.0,5872.0,10254.0,21453.0,14425.0,1352.0,229.0,0.0542784327858724,0.2761288163517479,0.185669052154662,0.020349585542913,0.20601863769757503,TRB14,2020-2021,119.94,68.72,51.22,12831.0,6136.0,6695.0,7190.0,5641.0,15339.82903939267,8004.064797656764,1
Uşak,usak,2021,Ege,Ege,373183.0,13705.0,12231.0,1474.0,3.957620702061507,118469,0.3174555111031317,340378.0,5802.0,31150.0,57210.0,71895.0,44720.0,4563.0,888.0,0.0170457550135437,0.2112210542396982,0.1313833443994617,0.0160145485313386,0.14739789293080047,TR334,2020-2021,121.8,71.61,50.19,41381.0,17389.0,23992.0,24024.0,17357.0,11088.661594981551,6429.017398970478,1
Van,van,2021,Doğu Anadolu,Ortadoğu Anadolu,1141015.0,30318.0,58185.0,-27867.0,-24.12834858004491,195324,0.17118442789972085,989808.0,49617.0,169065.0,231111.0,163933.0,89522.0,11046.0,1552.0,0.0501279035934241,0.1656210093270614,0.090443803242649,0.0127277209317362,0.10317152417438534,TRB21,2020-2021,127.3,75.9,51.4,78934.0,40852.0,38082.0,37241.0,41693.0,6917.875750976104,3337.5547210159375,0
Yalova,yalova,2021,Marmara,Doğu Marmara,291001.0,16965.0,11564.0,5401.0,18.733925192637543,101754,0.3496689014814382,240071.0,3735.0,19004.0,40972.0,60024.0,41450.0,4489.0,685.0,0.0155578974553361,0.250026033964952,0.1726572555618962,0.0215519575458926,0.19420921310778894,TR425,2020-2021,129.33,82.32,47.01,32364.0,11557.0,20807.0,19333.0,13031.0,11121.611265940668,7150.147250353092,1
Yozgat,yozgat,2021,İç Anadolu,Orta Anadolu,418500.0,18320.0,22928.0,-4608.0,-10.950466250320815,91587,0.2188458781362007,379059.0,13011.0,38079.0,65485.0,78326.0,41484.0,4096.0,693.0,0.0343244719159814,0.2066327405496242,0.1094394276352757,0.0126339171474625,0.1220733447827383,TR723,2020-2021,127.05,76.55,50.5,30527.0,12121.0,18406.0,17700.0,12827.0,7294.384707287933,4398.088410991637,0
Zonguldak,zonguldak,2021,Karadeniz,Batı Karadeniz,589684.0,20883.0,21991.0,-1108.0,-1.877208854733176,144035,0.2442579415415714,551642.0,23958.0,44645.0,85226.0,125577.0,71381.0,6888.0,1178.0,0.0434303406919705,0.2276422027329318,0.1293973265269867,0.014621801820746,0.14401912834773276,TR811,2020-2021,122.96,69.95,53.01,43149.0,15895.0,27254.0,26262.0,16887.0,7317.308931563346,4621.797437271487,0
Çanakkale,canakkale,2021,Marmara,Batı Marmara,557276.0,31210.0,19429.0,11781.0,21.36617665861725,166160,0.2981646437312929,518657.0,5683.0,40138.0,73964.0,116682.0,90826.0,10005.0,2178.0,0.0109571450881796,0.2249694885058911,0.1751176596478983,0.0234895123366695,0.19860717198456784,TR222,2020-2021,123.41,67.5,55.9,59157.0,25710.0,33447.0,33954.0,25203.0,10615.38627179351,6001.87339845965,1
Çankırı,cankiri,2021,İç Anadolu,Batı Karadeniz,196515.0,15288.0,12457.0,2831.0,14.510544619540283,51615,0.262651705976643,177194.0,6038.0,14619.0,28589.0,40228.0,22389.0,2236.0,415.0,0.0340756459022314,0.2270280032055261,0.1263530367845412,0.014961003194239,0.1413140399787803,TR822,2020-2021,130.02,70.08,59.94,14294.0,5211.0,9083.0,9109.0,5185.0,7273.745006742488,4622.039030099483,0
Çorum,corum,2021,Karadeniz,Batı Karadeniz,526282.0,18029.0,22011.0,-3982.0,-7.537769297314078,117697,0.22363865760181803,482130.0,18802.0,50748.0,79285.0,91161.0,59098.0,5735.0,924.0,0.0389977806815589,0.1890797087922344,0.1225768983469188,0.0138116275693277,0.13638852591624664,TR833,2020-2021,135.51,91.69,43.81,47917.0,19541.0,28376.0,26336.0,21581.0,9104.814529092768,5391.786152671001,1
İstanbul,istanbul,2021,Marmara,İstanbul,15840900.0,385328.0,408165.0,-22837.0,-1.4406094603764112,5999959,0.37876376973530546,13859004.0,222814.0,1165968.0,2401597.0,3224668.0,2586331.0,370978.0,58231.0,0.0160772015074099,0.2326767493537053,0.1866173788534876,0.0309696858446682,0.2175870646981558,TR100,2020-2021,136.12,83.72,52.4,2378387.0,1536743.0,841644.0,836525.0,1541862.0,15014.216363969219,5313.107209817624,1
İzmir,izmir,2021,Ege,Ege,4425789.0,131394.0,109470.0,21924.0,4.965993004935414,1454529,0.3286485189420463,4093037.0,48598.0,334624.0,670082.0,967679.0,769101.0,89885.0,17095.0,0.0118733351298803,0.2364207799734036,0.1879047269790134,0.0261370713238116,0.21404179830282502,TR310,2020-2021,124.67,72.87,51.8,611955.0,306414.0,305541.0,289353.0,322602.0,13827.026096363834,6903.650399962583,1
Şanlıurfa,sanliurfa,2021,Güneydoğu Anadolu,Güneydoğu Anadolu,2143020.0,40371.0,66987.0,-26616.0,-12.343205671864393,330461,0.15420341387387893,1780304.0,111571.0,334409.0,432556.0,245872.0,131215.0,15256.0,1488.0,0.0626696339501568,0.1381067503078126,0.0737037045358545,0.0094051353027348,0.08310883983858937,TRC21,2020-2021,123.53,69.01,54.53,190046.0,89234.0,100812.0,99166.0,90880.0,8868.139354742372,4704.202480611473,0
Şırnak,sirnak,2021,Güneydoğu Anadolu,Güneydoğu Anadolu,546589.0,17072.0,20431.0,-3359.0,-6.126560252868805,107885,0.19737865196701726,466947.0,24251.0,71121.0,125648.0,90890.0,43109.0,4277.0,255.0,0.0519352303366334,0.1946473582654991,0.092320970045851,0.0097055982798904,0.10202656832574146,TRC33,2020-2021,124.36,67.1,57.26,51729.0,28294.0,23435.0,24283.0,27446.0,9463.966526951695,4287.499382534226,0
