province,year,education_population_6_plus,illiterate_total,literate_no_diploma_total,lower_secondary_total,upper_secondary_total,university_total,masters_total,doctorate_total,illiterate_rate,upper_secondary_rate,university_rate,postgraduate_rate
Adana,2021,2045393.0,59516.0,221690.0,384204.0,459128.0,288827.0,31690.0,4606.0,0.02909758662516201,0.22446933181056158,0.1412085599197807,0.0177452450458176
Adana,2022,2064253.0,58508.0,220032.0,377214.0,477414.0,301657.0,33810.0,4746.0,0.02834342495808411,0.23127688321150558,0.14613373457613965,0.018677943062211853
Adana,2023,2072814.0,58236.0,218619.0,383962.0,482604.0,308683.0,36046.0,4905.0,0.02809514022965881,0.23282552124792674,0.14891977765491743,0.019756234761054297
Adana,2024,2092619.0,55609.0,216729.0,382376.0,499479.0,319838.0,38191.0,5211.0,0.026573877041162295,0.23868606755458113,0.15284100928071473,0.020740517026749734
Adıyaman,2021,561169.0,28386.0,66093.0,115668.0,114273.0,67126.0,7011.0,870.0,0.050583692256699855,0.20363384292432404,0.11961815424586889,0.014043897649371223
Adıyaman,2022,566318.0,27618.0,66349.0,114076.0,118735.0,69979.0,7359.0,909.0,0.04876765350915917,0.20966135634043065,0.12356838384088092,0.014599571265614019
Adıyaman,2023,543029.0,25966.0,63699.0,110474.0,114263.0,66590.0,6844.0,729.0,0.047816967417946374,0.2104178598196413,0.12262696835712274,0.013945848195952702
Adıyaman,2024,551721.0,24993.0,63639.0,110216.0,120073.0,69799.0,7143.0,808.0,0.04530007014414895,0.21763355029081727,0.1265114070336275,0.014411269464095077
Afyonkarahisar,2021,673807.0,13759.0,63675.0,125607.0,131685.0,77604.0,8753.0,1482.0,0.020419793798520942,0.1954343009199964,0.11517244552223412,0.015189809544869674
Afyonkarahisar,2022,679554.0,13242.0,62661.0,123522.0,138385.0,80790.0,9331.0,1571.0,0.019486310138708624,0.20364091742525245,0.11888679928305919,0.016042875179897404
Afyonkarahisar,2023,686196.0,13278.0,62647.0,126023.0,144992.0,82835.0,10160.0,1621.0,0.019350156515048178,0.2112982296603303,0.12071623850911402,0.01716856408373118
Afyonkarahisar,2024,689683.0,12527.0,61711.0,126133.0,149735.0,84973.0,10691.0,1714.0,0.018163417106119767,0.21710698973296427,0.12320587864279677,0.017986524243746766
Aksaray,2021,375001.0,12342.0,38185.0,75550.0,67253.0,40618.0,4872.0,842.0,0.032911912234900705,0.1793408550910531,0.10831437782832579,0.0152372927005528
Aksaray,2022,379741.0,12056.0,37881.0,74568.0,71211.0,42897.0,5290.0,897.0,0.03174795452690123,0.18752518163695783,0.11296383587761132,0.016292683697572818
Aksaray,2023,387358.0,12012.0,38259.0,77160.0,74622.0,44542.0,5869.0,938.0,0.031010073368821608,0.1926434977462709,0.1149892347647396,0.01757289122723682
Aksaray,2024,390445.0,11495.0,37528.0,77401.0,77229.0,46475.0,6294.0,994.0,0.029440766305113397,0.19779738503502414,0.11903084941541062,0.018665881238074503
Amasya,2021,309883.0,7533.0,27205.0,50504.0,67395.0,44968.0,4091.0,668.0,0.024309174753051957,0.21748530897145052,0.14511283290790394,0.015357409086655286
Amasya,2022,313831.0,7244.0,26298.0,49533.0,71196.0,47723.0,4385.0,709.0,0.02308248707106691,0.22686095382546656,0.15206592083000087,0.016231666087798847
Amasya,2023,316138.0,7057.0,26096.0,49909.0,72676.0,48519.0,4732.0,747.0,0.022322530034352087,0.2298869481049415,0.15347411573426795,0.01733103897664944
Amasya,2024,320832.0,6663.0,25273.0,49591.0,75424.0,52216.0,5328.0,827.0,0.02076787851585877,0.2350887692000798,0.16275184520247357,0.01918449531218831
Ankara,2021,5158955.0,78853.0,392154.0,794379.0,1321201.0,1132120.0,182044.0,37557.0,0.015284684592131547,0.25609857035000305,0.21944754315554216,0.042566953966452506
Ankara,2022,5228966.0,79518.0,389583.0,772501.0,1370349.0,1179061.0,191793.0,38925.0,0.015207213051299243,0.2620688296691927,0.22548645372718049,0.04412306371852485
Ankara,2023,5287062.0,79434.0,390390.0,777895.0,1401308.0,1223192.0,203334.0,41023.0,0.015024223283176933,0.265044745077701,0.2313557132486814,0.046217918382648056
Ankara,2024,5377412.0,76655.0,388125.0,776575.0,1446377.0,1264054.0,213730.0,43691.0,0.014254998501137721,0.26897269541556423,0.23506735210171734,0.04787079732778519
Antalya,2021,2287823.0,21318.0,213117.0,386954.0,544726.0,393369.0,38960.0,6085.0,0.00931802853629848,0.23809796474639866,0.1719403118160802,0.019689023145584253
Antalya,2022,2328490.0,22590.0,211070.0,379839.0,573096.0,413128.0,41682.0,6302.0,0.009701566251089762,0.24612345339683658,0.1774231368827008,0.02060734639186769
Antalya,2023,2384566.0,24820.0,210484.0,392209.0,597389.0,437013.0,45736.0,6772.0,0.010408602655577576,0.25052315599568226,0.18326731153593567,0.022019939896819798
Antalya,2024,2430402.0,24224.0,210443.0,394457.0,620040.0,454539.0,48954.0,7260.0,0.009967075405632483,0.2551182890731657,0.18702214695346694,0.023129506970451803
Ardahan,2021,87479.0,4414.0,7947.0,17632.0,17020.0,9710.0,1120.0,206.0,0.05045782416351353,0.19456098034956962,0.11099806810777443,0.015157923615953544
Ardahan,2022,85544.0,4165.0,7576.0,16863.0,17311.0,9789.0,1100.0,219.0,0.04868839427662957,0.2023636958758066,0.11443233891330777,0.01541896567848125
Ardahan,2023,85987.0,3966.0,7640.0,16528.0,18248.0,10320.0,1184.0,239.0,0.04612325118913324,0.21221812599579007,0.120018142277321,0.016549013222929048
Ardahan,2024,84857.0,3740.0,7303.0,16108.0,18777.0,10353.0,1148.0,258.0,0.04407414827297689,0.22127815029991632,0.12200525590110421,0.0165690514630496
Artvin,2021,158363.0,4326.0,12721.0,24585.0,42198.0,25232.0,2193.0,420.0,0.02731698692245032,0.2664637573170501,0.15933014656201258,0.016500066303366315
Artvin,2022,158868.0,4065.0,12368.0,23794.0,44358.0,25644.0,2244.0,424.0,0.025587280006042754,0.2792129314902938,0.1614170254550948,0.016793816249968528
Artvin,2023,162202.0,3849.0,12144.0,24011.0,46381.0,27011.0,2435.0,461.0,0.023729670410969038,0.2859459192858288,0.16652692321919582,0.017854280465099074
Artvin,2024,159715.0,3621.0,11616.0,23190.0,46585.0,27229.0,2445.0,480.0,0.02267163384779138,0.2916757975143224,0.1704849262749272,0.01831387158375857
Aydın,2021,1042855.0,16073.0,94932.0,173606.0,217681.0,158770.0,15488.0,2567.0,0.01541249742293991,0.20873563438828985,0.15224551831270886,0.01731304927338892
Aydın,2022,1055493.0,15680.0,93629.0,172479.0,226393.0,166116.0,16553.0,2659.0,0.01485561723289496,0.2144902903193105,0.15738237960839152,0.018201920808570023
Aydın,2023,1072679.0,15960.0,93728.0,177472.0,236617.0,170851.0,17919.0,2895.0,0.014878635640298728,0.22058509582083735,0.1592750487331252,0.019403754524885825
Aydın,2024,1080596.0,15034.0,92710.0,176912.0,243693.0,176118.0,19056.0,3071.0,0.013912692625180918,0.22551721457417945,0.1629822801491029,0.020476662878633645
Ağrı,2021,453326.0,27267.0,79162.0,103864.0,65372.0,35245.0,4025.0,414.0,0.06014876711240917,0.14420527390884263,0.07774758121087252,0.009792070165840917
Ağrı,2022,444756.0,26132.0,76698.0,100329.0,67266.0,35901.0,3925.0,436.0,0.05875581217566486,0.15124247902220544,0.0807206648139654,0.009805376431121783
Ağrı,2023,449814.0,25808.0,76902.0,100788.0,71380.0,39842.0,4276.0,455.0,0.057374826039207315,0.15868781318500536,0.0885743885250348,0.01051768064133175
Ağrı,2024,442717.0,24738.0,74907.0,99368.0,72353.0,39036.0,4136.0,501.0,0.055877682582778615,0.1634294594515232,0.08817370916409355,0.010473959662719074
Balıkesir,2021,1164009.0,19419.0,92624.0,180633.0,255585.0,185523.0,16983.0,2542.0,0.016682860699530674,0.21957304453831542,0.15938278827741023,0.016773925287519253
Balıkesir,2022,1172582.0,18908.0,90876.0,177373.0,263751.0,193137.0,18318.0,2649.0,0.01612509828736924,0.2249318171351769,0.16471086883475952,0.017881052241975403
Balıkesir,2023,1190347.0,18535.0,90064.0,180266.0,273717.0,202141.0,19916.0,2868.0,0.015571089774662346,0.22994723387382,0.16981686852657252,0.019140637141942644
Balıkesir,2024,1196112.0,17680.0,87909.0,178629.0,280595.0,208389.0,21187.0,3012.0,0.014781224500715652,0.2345892357906283,0.17422197921264898,0.020231383014299664
Bartın,2021,188131.0,6270.0,18526.0,29814.0,39141.0,22179.0,2175.0,462.0,0.03332784070674158,0.20805183622050594,0.11789125662437344,0.014016828699151123
Bartın,2022,189845.0,5953.0,18011.0,29241.0,41155.0,23456.0,2355.0,496.0,0.03135715978824831,0.21678211172272116,0.12355342516263268,0.015017514287971767
Bartın,2023,193998.0,5700.0,17915.0,30011.0,43520.0,24420.0,2511.0,540.0,0.02938174620356911,0.22433220961040837,0.12587758636686977,0.015726966257384095
Bartın,2024,194265.0,5363.0,17191.0,29568.0,44654.0,25258.0,2580.0,589.0,0.027606619823437057,0.22986127197385015,0.13001827400715518,0.0163127686407742
Batman,2021,544620.0,23943.0,78318.0,128543.0,111169.0,59465.0,6489.0,537.0,0.04396276302743197,0.20412214020785135,0.10918622158569277,0.012900738129337888
Batman,2022,554972.0,23504.0,79110.0,127023.0,119605.0,62418.0,7065.0,574.0,0.04235168621119624,0.21551537735237092,0.11247053905422255,0.013764658397180399
Batman,2023,569269.0,23431.0,81209.0,129241.0,126388.0,64987.0,8293.0,598.0,0.04115980318619141,0.22201806175990613,0.1141586842072904,0.01561827536718142
Batman,2024,579177.0,22971.0,81200.0,128853.0,132811.0,68065.0,8679.0,659.0,0.03966145064462159,0.22930986555060026,0.11752020539489655,0.016122877807647748
Bayburt,2021,78238.0,2756.0,6682.0,12765.0,20536.0,11192.0,1216.0,313.0,0.03522584933152688,0.26248114726859073,0.14305069147984356,0.0195429331015619
Bayburt,2022,77836.0,2632.0,6620.0,12261.0,21221.0,11062.0,1293.0,335.0,0.03381468729122771,0.2726373400483067,0.14211932781746237,0.020915771622385528
Bayburt,2023,79724.0,2529.0,6643.0,12465.0,21855.0,11569.0,1326.0,348.0,0.031721940695399124,0.2741332597461241,0.14511314033415282,0.02099744117204355
Bayburt,2024,77575.0,2420.0,6437.0,11950.0,21183.0,11528.0,1405.0,370.0,0.03119561714469868,0.27306477602320334,0.14860457621656462,0.022881082823074442
Bilecik,2021,209217.0,3110.0,14372.0,34237.0,53598.0,33094.0,2863.0,466.0,0.014864948833029822,0.2561837709172773,0.15818026259816362,0.015911708895548642
Bilecik,2022,210087.0,3060.0,14347.0,33179.0,55161.0,33378.0,2980.0,495.0,0.014565394336631966,0.26256265261534506,0.15887703665624242,0.016540766444377804
Bilecik,2023,209550.0,3018.0,14460.0,33103.0,56091.0,32356.0,3076.0,533.0,0.014402290622763063,0.2676735862562634,0.15440706275351945,0.017222619899785255
Bilecik,2024,210632.0,2800.0,14452.0,32862.0,57638.0,32987.0,3313.0,575.0,0.013293326749971515,0.27364313114816363,0.1566096319647537,0.018458733715674733
Bingöl,2021,252959.0,12737.0,29715.0,49398.0,64252.0,30476.0,3392.0,497.0,0.05035203333346511,0.2540016366288608,0.12047802213006852,0.015374032946050546
Bingöl,2022,253802.0,12343.0,29671.0,47594.0,66411.0,31686.0,3522.0,530.0,0.048632398483857496,0.2616646046918464,0.12484535188847999,0.015965201219848544
Bingöl,2023,258009.0,11986.0,30231.0,48052.0,68578.0,32597.0,3706.0,583.0,0.046455743791883226,0.26579692956447254,0.12634055401168176,0.016623451119922174
Bingöl,2024,257278.0,11491.0,29877.0,46856.0,69798.0,33198.0,3957.0,626.0,0.04466374894083443,0.27129408655228976,0.12903551799998444,0.01781341583812063
Bitlis,2021,307283.0,14085.0,44895.0,72529.0,58113.0,31339.0,3428.0,389.0,0.04583722496851437,0.18911882531737845,0.10198741876381055,0.0124217740649499
Bitlis,2022,310406.0,13719.0,44960.0,71175.0,61963.0,32595.0,3590.0,410.0,0.04419695495576761,0.19961920839159036,0.10500763516169147,0.01288634884634962
Bitlis,2023,317330.0,13592.0,46114.0,72359.0,64984.0,34183.0,3930.0,453.0,0.042832382693095514,0.20478366369394638,0.10772066933476192,0.013812119875208773
Bitlis,2024,319366.0,13213.0,46092.0,72488.0,67137.0,34818.0,4089.0,489.0,0.04137259445275953,0.2102196226273304,0.1090222503334732,0.014334650526355342
Bolu,2021,289119.0,7171.0,21867.0,40767.0,72396.0,45068.0,5027.0,1219.0,0.024802935815356305,0.2504020835711247,0.15588045061030234,0.021603561163396387
Bolu,2022,291573.0,6892.0,21607.0,39975.0,74746.0,46983.0,5218.0,1248.0,0.023637305237453398,0.25635432636080846,0.1611363192065109,0.022176264606119222
Bolu,2023,296549.0,6621.0,21601.0,41264.0,77821.0,47869.0,5552.0,1293.0,0.022326833002303162,0.2624220617840559,0.16142020374373206,0.023082188778245753
Bolu,2024,299738.0,6285.0,21323.0,41251.0,80287.0,49590.0,5879.0,1380.0,0.020968312326098127,0.26785726200882104,0.1654444881863494,0.024217816893420254
Burdur,2021,252330.0,4923.0,19837.0,39556.0,54670.0,38098.0,4189.0,802.0,0.01951016525977886,0.21666072207030476,0.15098482146395592,0.019779653628185314
Burdur,2022,253305.0,4692.0,19361.0,37233.0,57189.0,40056.0,4526.0,857.0,0.018523124296796353,0.2257713033694558,0.15813347545449163,0.021251060973924714
Burdur,2023,257461.0,4697.0,19164.0,38623.0,60713.0,40113.0,4475.0,900.0,0.018243539798260707,0.23581435634911696,0.15580223800886348,0.020876948353342837
Burdur,2024,256873.0,4441.0,18492.0,37629.0,61114.0,41904.0,4911.0,950.0,0.01728869908476173,0.2379152343765207,0.16313119712854213,0.02281672266061439
Bursa,2021,2843315.0,54019.0,238381.0,501253.0,667284.0,447631.0,43280.0,5685.0,0.018998598466930326,0.23468521778276413,0.15743278532276586,0.01722109579839026
Bursa,2022,2890561.0,53483.0,239069.0,495252.0,696684.0,469565.0,46286.0,5977.0,0.018502636685404666,0.2410203417260525,0.1624477047881017,0.018080573286638823
Bursa,2023,2922656.0,53300.0,239857.0,508696.0,720500.0,484338.0,49281.0,6277.0,0.018236836630790624,0.24652234132241357,0.16571844240307446,0.019009421567231996
Bursa,2024,2960568.0,50878.0,239819.0,507870.0,743321.0,503008.0,52490.0,6717.0,0.017185215809939175,0.251073780436727,0.16990253221679083,0.01999852730962437
Denizli,2021,960475.0,11620.0,86845.0,160408.0,212453.0,141862.0,14156.0,2528.0,0.01209818058773003,0.22119576251333975,0.14769983601863662,0.01737057185246883
Denizli,2022,969415.0,11771.0,85290.0,157593.0,219979.0,148628.0,15097.0,2610.0,0.012142374524842302,0.22691932763573908,0.1533172067690308,0.01826565506001042
Denizli,2023,975699.0,12043.0,84054.0,160071.0,224776.0,153345.0,15916.0,2713.0,0.012342945929021142,0.23037432650848264,0.15716424840037757,0.019092978469794474
Denizli,2024,982212.0,11418.0,82362.0,158099.0,231695.0,159131.0,16805.0,2861.0,0.011624781615374278,0.23589102963515005,0.16201288520197268,0.020022154076716637
Diyarbakır,2021,1555527.0,84017.0,256318.0,358652.0,284102.0,169860.0,19682.0,2101.0,0.054011920075961395,0.182640352755047,0.10919771884383878,0.014003614209203697
Diyarbakır,2022,1576801.0,82042.0,257760.0,356517.0,300540.0,177174.0,20652.0,2222.0,0.052030662081010856,0.19060109677758957,0.1123629424385195,0.014506586436715856
Diyarbakır,2023,1600426.0,80427.0,260786.0,361012.0,313245.0,182784.0,22562.0,2339.0,0.0502534950069544,0.1957260129490523,0.11420959169621088,0.015558982420930427
Diyarbakır,2024,1624377.0,77946.0,261481.0,363847.0,327982.0,189070.0,23763.0,2507.0,0.047985166005182295,0.20191248706427142,0.11639539343391343,0.016172354077901865
Düzce,2021,363392.0,8643.0,32575.0,61062.0,84133.0,50986.0,5198.0,1010.0,0.02378423300457908,0.23152133233532934,0.14030578548784783,0.017083480098626275
Düzce,2022,368104.0,8389.0,32647.0,60582.0,88565.0,52258.0,5286.0,1040.0,0.02278975506921957,0.24059776584878187,0.14196531415034883,0.017185360658944212
Düzce,2023,374405.0,8337.0,32999.0,61814.0,92546.0,53391.0,5482.0,1103.0,0.022267330831586118,0.2471815280244655,0.14260226225611303,0.017587906144415806
Düzce,2024,378810.0,7980.0,32761.0,61171.0,95984.0,55525.0,5779.0,1180.0,0.021065969747366752,0.2533829624349938,0.14657743987751115,0.018370687151870332
Edirne,2021,383259.0,7639.0,27896.0,57132.0,90174.0,57489.0,6460.0,1658.0,0.019931691101839746,0.23528214601614053,0.15000039138024157,0.021181498673220982
Edirne,2022,385152.0,7381.0,27308.0,56110.0,92854.0,59019.0,6914.0,1699.0,0.019163862578929877,0.2410840395480226,0.15323560568295114,0.02236259970089731
Edirne,2023,390273.0,7254.0,26703.0,56832.0,96072.0,61312.0,7456.0,1774.0,0.018586989107624664,0.24616614523679578,0.15710028620990948,0.02365011158855468
Edirne,2024,392037.0,6832.0,26327.0,56663.0,98584.0,62763.0,7842.0,1851.0,0.01742692654009698,0.25146606060142285,0.16009458290926623,0.02472470710672717
Elazığ,2021,538821.0,17771.0,63932.0,102371.0,123318.0,78428.0,9873.0,2037.0,0.032981268361849295,0.22886635821543705,0.14555483175303116,0.022103815552845935
Elazığ,2022,542115.0,17175.0,63408.0,100558.0,126596.0,81393.0,10381.0,2097.0,0.03168146979884342,0.233522407607242,0.15013973049998616,0.02301725648616991
Elazığ,2023,556403.0,17040.0,64420.0,101528.0,133705.0,85103.0,11549.0,2296.0,0.030625284191494295,0.24030244265397563,0.1529520868866631,0.024883043405589115
Elazığ,2024,557915.0,16434.0,63447.0,99285.0,137952.0,87236.0,12267.0,2451.0,0.029456099943539787,0.24726347203427046,0.15636073595440167,0.02638036260003764
Erzincan,2021,216509.0,8430.0,18997.0,34085.0,54906.0,35106.0,3561.0,803.0,0.03893602575412569,0.25359684816797456,0.16214568447501027,0.02015620597758061
Erzincan,2022,218995.0,8174.0,18830.0,33075.0,56649.0,36909.0,3825.0,848.0,0.03732505308340373,0.25867713874746,0.16853809447704285,0.021338386721158016
Erzincan,2023,223387.0,7933.0,18836.0,33704.0,58948.0,37893.0,4132.0,891.0,0.035512361954813845,0.2638828579997941,0.16962938756507764,0.022485641510025203
Erzincan,2024,222140.0,7551.0,18313.0,33403.0,60027.0,37561.0,4252.0,977.0,0.03399207706851535,0.27022148194832085,0.1690870622130188,0.023539209507517783
Erzurum,2021,679307.0,30759.0,76770.0,129677.0,145741.0,86906.0,11773.0,2884.0,0.04527996914502574,0.21454364521490282,0.12793332028081558,0.021576400655373786
Erzurum,2022,676044.0,29409.0,75740.0,124201.0,150331.0,90021.0,12284.0,3012.0,0.04350160640431688,0.22236866239475536,0.13315849264249072,0.022625746253202454
Erzurum,2023,680722.0,28680.0,76152.0,123303.0,155333.0,92953.0,12727.0,3187.0,0.04213173659731873,0.22818859975144037,0.13655060362379945,0.023378119114704683
Erzurum,2024,680153.0,27433.0,74621.0,120754.0,159245.0,96202.0,13317.0,3426.0,0.04033357200512238,0.23413114402200683,0.14144170502813339,0.02461652010650545
Eskişehir,2021,815496.0,11920.0,54863.0,120706.0,215940.0,152602.0,18762.0,4692.0,0.014616871204763727,0.26479590335207037,0.1871278338581673,0.02876041084199064
Eskişehir,2022,825086.0,11822.0,54588.0,118328.0,223617.0,158885.0,19785.0,4932.0,0.014328203363043367,0.2710226570321154,0.19256780505304902,0.029956877222495595
Eskişehir,2023,837713.0,11973.0,54731.0,119996.0,230875.0,164966.0,21062.0,5132.0,0.014292484418888092,0.2756015485016945,0.19692424493830227,0.0312684654529654
Eskişehir,2024,847315.0,11343.0,54522.0,118949.0,237723.0,170113.0,22175.0,5417.0,0.013386993030927104,0.2805603583083033,0.20076712910782885,0.032564040528020866
Gaziantep,2021,1853829.0,51398.0,244259.0,409805.0,315598.0,195862.0,22870.0,2811.0,0.027725318786144783,0.17024116032276979,0.10565267886088739,0.013852949759659602
Gaziantep,2022,1887425.0,50571.0,245724.0,408035.0,340451.0,207403.0,24160.0,2897.0,0.026793647429699193,0.18037855808840086,0.10988675046690596,0.014335404055790296
Gaziantep,2023,1911255.0,50138.0,246457.0,417597.0,354001.0,219147.0,26188.0,3041.0,0.026233024897253376,0.1852191361173679,0.11466130893051947,0.015293092758423131
Gaziantep,2024,1949841.0,48245.0,246398.0,424303.0,371635.0,230826.0,27985.0,3331.0,0.02474304315069793,0.1905975923165017,0.11838196037523059,0.01606079675214543
Giresun,2021,418847.0,17102.0,46465.0,65206.0,91817.0,60266.0,5489.0,1051.0,0.04083113881679945,0.21921369855818473,0.14388547608076457,0.0156142935248432
Giresun,2022,420361.0,16466.0,44983.0,63645.0,94099.0,63015.0,5799.0,1097.0,0.03917109341732463,0.22385283125694344,0.14990686576537784,0.01640494717635556
Giresun,2023,431558.0,16245.0,44767.0,65692.0,98962.0,64643.0,6115.0,1168.0,0.037642680705722055,0.2293133252077357,0.14978983126254178,0.016876063008911896
Giresun,2024,427195.0,15408.0,42919.0,63796.0,100189.0,66041.0,6446.0,1230.0,0.036067837872634276,0.23452755767272557,0.1545921651704725,0.01796837509802315
Gümüşhane,2021,138032.0,4498.0,14652.0,19038.0,33339.0,19308.0,2002.0,410.0,0.03258664657470731,0.2415309493450794,0.13988060739538657,0.0174742088791005
Gümüşhane,2022,133407.0,4164.0,14037.0,17801.0,33203.0,19272.0,1964.0,416.0,0.03121275495288853,0.24888499104244904,0.14446018574737457,0.01784014332081525
Gümüşhane,2023,137099.0,4163.0,13129.0,19779.0,36530.0,19581.0,2081.0,458.0,0.030364918781318608,0.26644979175632205,0.1428237988606773,0.01851946403693681
Gümüşhane,2024,131496.0,3860.0,12593.0,18392.0,35238.0,19278.0,2211.0,488.0,0.029354505080002435,0.26797773316298595,0.14660521993064426,0.020525339173815174
Hakkari,2021,246664.0,9042.0,31278.0,62769.0,65539.0,26931.0,2257.0,170.0,0.036657153050303246,0.2657015210975254,0.10918091006389258,0.009839295559952
Hakkari,2022,245283.0,8831.0,30900.0,59775.0,68526.0,27180.0,2248.0,179.0,0.036003310461793114,0.2793752522596348,0.11081077775467521,0.009894693068822544
Hakkari,2023,258190.0,9021.0,31495.0,59725.0,77149.0,32278.0,2520.0,196.0,0.03493938572369185,0.29880708005732215,0.1250164607459623,0.010519384949068516
Hakkari,2024,254068.0,8714.0,31266.0,58137.0,76644.0,31086.0,2406.0,202.0,0.03429790449800841,0.30166727017963696,0.12235307083143096,0.010264968433647685
Hatay,2021,1496691.0,25828.0,193661.0,292240.0,276208.0,183260.0,17676.0,2120.0,0.017256735024129898,0.1845457746455347,0.12244344356984842,0.013226511016636033
Hatay,2022,1518232.0,25397.0,193959.0,289139.0,290027.0,192306.0,19083.0,2227.0,0.01672800994841368,0.19102943423666474,0.12666443600187588,0.014036062999594265
Hatay,2023,1399036.0,24900.0,177053.0,273642.0,268447.0,177558.0,17615.0,1791.0,0.01779796945897032,0.191879980214948,0.12691453257814667,0.013870979731758153
Hatay,2024,1422839.0,24120.0,175199.0,275043.0,282057.0,186097.0,18900.0,1884.0,0.016952023384233916,0.19823535902516026,0.13079273199567906,0.014607415174872209
Isparta,2021,406770.0,8258.0,31394.0,60583.0,101274.0,67539.0,8189.0,2350.0,0.020301398824888756,0.2489711630651228,0.16603731838631167,0.02590899033852054
Isparta,2022,407724.0,8112.0,30596.0,59047.0,103634.0,69625.0,8601.0,2441.0,0.01989581187273744,0.2541768451207189,0.17076502732240437,0.027082045697579736
Isparta,2023,414044.0,8152.0,30506.0,60086.0,107906.0,71669.0,9287.0,2570.0,0.019688728734144196,0.2606148138845147,0.17309512998618504,0.028637053066823816
Isparta,2024,413352.0,7857.0,29740.0,59069.0,109557.0,72582.0,9667.0,2721.0,0.0190080125413691,0.2650452882773036,0.17559368286593507,0.029969614275484332
Iğdır,2021,179601.0,10220.0,25440.0,38509.0,31764.0,19425.0,2142.0,337.0,0.05690391478889316,0.17685870345933485,0.10815641338299899,0.013802818469830346
Iğdır,2022,181436.0,9892.0,25219.0,37972.0,34360.0,20141.0,2215.0,364.0,0.054520602306047314,0.18937807270883397,0.11100884058290526,0.014214378623867369
Iğdır,2023,188657.0,9643.0,25568.0,38609.0,38857.0,22741.0,2577.0,399.0,0.051113926331914535,0.20596638343660717,0.12054151184424644,0.01577465983239424
Iğdır,2024,187122.0,9342.0,25064.0,38553.0,39209.0,22172.0,2535.0,438.0,0.04992464809055055,0.20953709344705593,0.11848954158249698,0.01588803026902235
Kahramanmaraş,2021,1052370.0,42437.0,122140.0,215605.0,200031.0,119665.0,13354.0,1722.0,0.04032517080494503,0.1900766840559879,0.11371000693672377,0.01432575995134791
Kahramanmaraş,2022,1063286.0,42026.0,120473.0,212437.0,210815.0,126232.0,14137.0,1789.0,0.03952464341672889,0.19826744638789565,0.11871876428355119,0.01497809620365546
Kahramanmaraş,2023,1015093.0,39813.0,113892.0,205090.0,201461.0,122051.0,13584.0,1685.0,0.03922103689021597,0.1984655593132846,0.12023627391775926,0.015041971523791416
Kahramanmaraş,2024,1036650.0,38251.0,113054.0,207040.0,214464.0,129586.0,14286.0,1852.0,0.036898663965658614,0.20688178266531615,0.1250045820672358,0.015567452852939758
Karabük,2021,224633.0,8251.0,16859.0,33100.0,55041.0,38005.0,3818.0,833.0,0.036731023491650826,0.24502633183904413,0.1691870740274136,0.02070488307595055
Karabük,2022,226128.0,7844.0,16484.0,32525.0,56891.0,39228.0,4008.0,903.0,0.034688318120710396,0.2515875964055756,0.17347696879643387,0.021717788155381022
Karabük,2023,230120.0,7548.0,16480.0,33204.0,59903.0,39079.0,4241.0,926.0,0.03280027811576569,0.26031201112463065,0.16982009386407093,0.022453502520424128
Karabük,2024,227245.0,7111.0,16256.0,32370.0,59407.0,39114.0,4431.0,997.0,0.031292217650553365,0.26142269356861536,0.17212259895707277,0.02388611410592092
Karaman,2021,234943.0,4142.0,20408.0,42401.0,46557.0,31143.0,3277.0,587.0,0.017629808081109036,0.19816295867508288,0.1325555560284835,0.016446542352826006
Karaman,2022,237712.0,4186.0,20038.0,41245.0,49666.0,32600.0,3464.0,637.0,0.017609544322541564,0.20893349936057076,0.13714074173790133,0.01725196876893047
Karaman,2023,241921.0,4215.0,20143.0,42219.0,52160.0,33738.0,4067.0,690.0,0.017423043059511163,0.2156075743734525,0.13945874893043597,0.019663443851505244
Karaman,2024,242179.0,4026.0,19846.0,41572.0,53268.0,34503.0,4316.0,726.0,0.016624067322104724,0.21995300996370454,0.1424690002023297,0.02081931133583011
Kars,2021,251829.0,12623.0,28326.0,54269.0,46745.0,27051.0,3263.0,667.0,0.050125283426452075,0.18562198952463774,0.1074181289684667,0.015605827764078005
Kars,2022,247936.0,12095.0,27297.0,52669.0,47720.0,27565.0,3197.0,705.0,0.0487827503871967,0.19246902426432627,0.11117788461538461,0.01573793236964378
Kars,2023,252621.0,11687.0,27467.0,52595.0,51606.0,30884.0,3327.0,771.0,0.046262978928909314,0.20428230432149347,0.12225428606489563,0.016221929293289156
Kars,2024,248315.0,11150.0,26881.0,52021.0,51714.0,30114.0,3353.0,814.0,0.04490264381934237,0.20825967017699293,0.12127338259871534,0.016781104645309384
Kastamonu,2021,349305.0,15374.0,33212.0,53124.0,67828.0,43268.0,4500.0,850.0,0.044013111750475946,0.1941798714590401,0.12386882523868825,0.015316127739368173
Kastamonu,2022,352870.0,14698.0,32306.0,52039.0,71799.0,45171.0,4784.0,900.0,0.041652733301215744,0.20347153342590757,0.1280103154136084,0.01610791509621107
Kastamonu,2023,364623.0,14161.0,32113.0,53986.0,76698.0,46758.0,5023.0,977.0,0.03883737449365509,0.21034877119655096,0.12823656214775261,0.01645535251478925
Kastamonu,2024,359519.0,13276.0,30976.0,52444.0,77650.0,47567.0,5320.0,1025.0,0.03692711650844601,0.21598302175962883,0.132307332853062,0.017648580464453896
Kayseri,2021,1295089.0,26854.0,124055.0,239468.0,290208.0,190944.0,20800.0,3526.0,0.020735254488301578,0.2240834413696665,0.14743697151315469,0.01878326508834528
Kayseri,2022,1308022.0,26448.0,122514.0,234049.0,303028.0,199693.0,22235.0,3653.0,0.020219843397129407,0.23166888630313556,0.1526679214875591,0.01979171604147331
Kayseri,2023,1319802.0,26640.0,121987.0,236532.0,312835.0,205397.0,23789.0,3822.0,0.020184845908704487,0.23703176688624505,0.15562713194858016,0.020920562326773258
Kayseri,2024,1333099.0,25285.0,120328.0,234907.0,322794.0,213801.0,25170.0,4089.0,0.01896708346491896,0.2421380557633004,0.16037893659810712,0.021948107379872014
Kilis,2021,127449.0,3160.0,14477.0,29718.0,25966.0,15375.0,1650.0,243.0,0.02479423141805742,0.20373639651939207,0.12063648989007368,0.014853000023538827
Kilis,2022,130136.0,3030.0,14833.0,29322.0,27750.0,16352.0,1788.0,259.0,0.023283334357902502,0.213238458228315,0.12565316284502367,0.015729698161922913
Kilis,2023,137831.0,3181.0,15641.0,30467.0,30869.0,18516.0,2123.0,319.0,0.023078988036073163,0.2239626789328961,0.13433842894559278,0.017717349507730483
Kilis,2024,139995.0,3037.0,15446.0,30470.0,32425.0,19069.0,2244.0,332.0,0.02169363191542555,0.23161541483624415,0.136212007571699,0.01840065716632737
Kocaeli,2021,1835080.0,29279.0,164734.0,333972.0,460405.0,302539.0,31132.0,3956.0,0.01595516271770168,0.25089096933103733,0.16486420210563027,0.019120692285894893
Kocaeli,2022,1883527.0,29375.0,167703.0,330352.0,486158.0,322649.0,33566.0,4116.0,0.015595741393672615,0.2581104491732797,0.17130043795496427,0.02000608433008924
Kocaeli,2023,1915885.0,30506.0,169477.0,334471.0,502641.0,338894.0,36127.0,4313.0,0.01592266759226154,0.26235447325909433,0.17688639975781428,0.021107738721269805
Kocaeli,2024,1951975.0,29772.0,168152.0,334784.0,520340.0,353658.0,38533.0,4573.0,0.015252244521574303,0.2665710370266013,0.18117957453348532,0.022083274632103383
Konya,2021,2049104.0,36513.0,200432.0,379010.0,391638.0,269370.0,34349.0,6226.0,0.017819007722399645,0.19112646307849676,0.13145745652734073,0.019801337560221444
Konya,2022,2073042.0,36523.0,198004.0,372036.0,414543.0,282237.0,36669.0,6467.0,0.01761807044912742,0.1999684521587117,0.1361463009432515,0.0208080685292435
Konya,2023,2106536.0,37279.0,198724.0,381237.0,432145.0,292193.0,40224.0,6794.0,0.017696825499303123,0.2051448444270594,0.13870781225670958,0.022320055294568902
Konya,2024,2125042.0,35396.0,197203.0,380451.0,446022.0,303064.0,43125.0,7210.0,0.016656611963434133,0.20988855749674595,0.142615534187089,0.02368659066503156
Kütahya,2021,532248.0,8675.0,48091.0,81462.0,116817.0,73428.0,7945.0,1319.0,0.016298793043844222,0.2194785137755332,0.13795824502863327,0.017405420029760563
Kütahya,2022,535121.0,8361.0,46665.0,79584.0,121039.0,76957.0,8650.0,1388.0,0.015624503616938974,0.226189964512699,0.1438123340328636,0.018758374274229567
Kütahya,2023,532134.0,8207.0,45913.0,80216.0,125220.0,72217.0,8847.0,1408.0,0.015422807037325185,0.23531666835797,0.135712057489279,0.019271461699496742
Kütahya,2024,530470.0,7740.0,44064.0,79165.0,127629.0,73300.0,9260.0,1522.0,0.014590834542952477,0.2405960751786152,0.13817935038739232,0.020325371840066355
Kırklareli,2021,341754.0,4902.0,22195.0,52061.0,86047.0,52771.0,4828.0,734.0,0.014343650696114749,0.2517805204913476,0.15441223804256862,0.0162748643761302
Kırklareli,2022,344760.0,4829.0,22085.0,51491.0,88085.0,54726.0,5137.0,807.0,0.01400684534168697,0.25549657732915654,0.15873651235642186,0.01724097923192946
Kırklareli,2023,352458.0,4865.0,22346.0,52659.0,91593.0,57652.0,5546.0,840.0,0.0138030630599958,0.2598692610183341,0.16357126239154737,0.018118470853264786
Kırklareli,2024,354632.0,4559.0,21975.0,52230.0,93997.0,59462.0,5883.0,917.0,0.012855579868708972,0.2650550429741253,0.1676724040695707,0.019174806560039705
Kırıkkale,2021,250460.0,6817.0,19691.0,44297.0,70496.0,35799.0,3929.0,524.0,0.027217919028986664,0.28146610237163616,0.14293300327397587,0.017779286113551066
Kırıkkale,2022,252666.0,6514.0,19433.0,43432.0,73430.0,37025.0,4103.0,556.0,0.025781070662455573,0.2906208195799989,0.14653732595600516,0.01843936263684073
Kırıkkale,2023,262428.0,6307.0,20035.0,44935.0,77662.0,39092.0,4403.0,602.0,0.024033258646181048,0.29593640922462544,0.14896276311978904,0.019071897815781853
Kırıkkale,2024,260951.0,5831.0,19679.0,43775.0,78909.0,40108.0,4640.0,642.0,0.022345191242800374,0.30239010388923593,0.15369935351847666,0.020241347992535
Kırşehir,2021,213694.0,5915.0,18886.0,34613.0,50714.0,31859.0,3226.0,704.0,0.027679766394938556,0.2373206547680328,0.14908701226988122,0.0183907830823514
Kırşehir,2022,216014.0,5603.0,18709.0,34006.0,52794.0,33239.0,3466.0,730.0,0.02593813363948633,0.24440082587239717,0.1538742859259122,0.019424666919736683
Kırşehir,2023,221125.0,5511.0,18808.0,34970.0,56151.0,33401.0,3732.0,752.0,0.02492255511588468,0.25393329564725836,0.15105031091011872,0.020278123233465235
Kırşehir,2024,222160.0,5143.0,18350.0,34586.0,57633.0,34409.0,3902.0,818.0,0.023149981994958588,0.2594211379186172,0.1548838674828952,0.02124594886568239
Malatya,2021,739252.0,33951.0,70950.0,132189.0,170098.0,112966.0,12457.0,2074.0,0.04592615238105544,0.23009474441732994,0.15281121998993577,0.019656355342968296
Malatya,2022,745429.0,32982.0,70504.0,129096.0,176026.0,117676.0,13169.0,2185.0,0.04424566256477813,0.23614053115722625,0.15786345849168734,0.020597535110654402
Malatya,2023,685309.0,30418.0,63774.0,118395.0,165170.0,106047.0,12117.0,1939.0,0.044385817200708,0.24101536679074695,0.1547433347584812,0.020510455867353266
Malatya,2024,696049.0,29142.0,63987.0,116626.0,173961.0,110746.0,12932.0,2113.0,0.04186774206988301,0.2499263701262411,0.15910661462052242,0.02161485757468224
Manisa,2021,1338526.0,24316.0,128054.0,230597.0,258415.0,170174.0,15329.0,1849.0,0.01816625153340316,0.19305938024364114,0.12713537129648583,0.012833519856917237
Manisa,2022,1353075.0,23946.0,126251.0,230311.0,270528.0,178438.0,16147.0,1907.0,0.017697466880993294,0.19993570201208358,0.13187591227389464,0.013342941078654177
Manisa,2023,1365237.0,23899.0,124135.0,232384.0,279857.0,185223.0,17360.0,2040.0,0.01750538551181956,0.20498785192607583,0.13567094943954786,0.014209986983944912
Manisa,2024,1369555.0,22722.0,122474.0,231544.0,287289.0,190832.0,18330.0,2152.0,0.01659079043923026,0.20976813636546177,0.13933869030451498,0.014955222681820007
Mardin,2021,744317.0,49170.0,113149.0,170116.0,133711.0,70850.0,7950.0,503.0,0.06606056290532125,0.17964254477594896,0.09518793739764106,0.011356720322120817
Mardin,2022,753889.0,47950.0,113401.0,167912.0,142828.0,74155.0,8243.0,534.0,0.0636035278403054,0.18945494628519582,0.09836328690297909,0.011642297473500741
Mardin,2023,774794.0,47885.0,117285.0,172113.0,151898.0,78273.0,9277.0,588.0,0.06180352454975129,0.19604953058490385,0.10102427225817442,0.012732416616545818
Mardin,2024,785612.0,46461.0,118115.0,172130.0,159135.0,81132.0,9919.0,648.0,0.05913988075538561,0.20256182441205073,0.10327235327362616,0.013450660122299557
Mersin,2021,1696538.0,30298.0,184910.0,309431.0,362876.0,251284.0,23717.0,3187.0,0.017858721702667432,0.21389205546825357,0.14811575101766067,0.015858177064115273
Mersin,2022,1718577.0,30257.0,182765.0,304076.0,380976.0,263465.0,25476.0,3308.0,0.017605844835581995,0.22168107684438929,0.15330415803307038,0.01674874038230466
Mersin,2023,1743828.0,31796.0,182191.0,311524.0,391753.0,275248.0,28097.0,3575.0,0.01823344962920655,0.22465116972545457,0.1578412549861569,0.01816234169883727
Mersin,2024,1763926.0,30839.0,179236.0,312256.0,405281.0,285561.0,30132.0,3764.0,0.01748315972438753,0.22976077227729508,0.16188944434176944,0.019216225623977422
Muğla,2021,932920.0,11398.0,68749.0,142796.0,216486.0,172364.0,17104.0,3061.0,0.012217553487973246,0.23205205162286155,0.1847575354799983,0.02161492946876474
Muğla,2022,953185.0,11276.0,68316.0,141922.0,227436.0,182543.0,18495.0,3180.0,0.011829812680644366,0.23860635658345442,0.1915084689750678,0.022739552133111622
Muğla,2023,979182.0,11761.0,68525.0,146324.0,238607.0,194983.0,20355.0,3446.0,0.012011045954684624,0.24367992875686031,0.1991284562011965,0.024307023617672712
Muğla,2024,997065.0,11368.0,68627.0,147147.0,248288.0,202797.0,21760.0,3640.0,0.01140146329477015,0.24901887038457873,0.20339396127634607,0.02547476844538721
Muş,2021,351351.0,19866.0,55915.0,85438.0,59528.0,28842.0,3378.0,440.0,0.05654174884944116,0.16942601557986173,0.08208885131962056,0.010866626251241636
Muş,2022,348397.0,19085.0,54702.0,82957.0,61942.0,30003.0,3412.0,489.0,0.05477946136160759,0.17779142759553038,0.08611727425896319,0.011196996529820865
Muş,2023,351622.0,18854.0,54991.0,83436.0,64567.0,31016.0,3584.0,504.0,0.05362008065479407,0.18362616673586976,0.08820836011398604,0.011626121232459857
Muş,2024,347349.0,18081.0,54158.0,81706.0,65582.0,31336.0,3601.0,552.0,0.05205427394349775,0.18880722270684527,0.09021474079384136,0.011956274525045416
Nevşehir,2021,276490.0,6349.0,23528.0,49433.0,59748.0,37185.0,3695.0,757.0,0.02296285579948642,0.21609461463344062,0.1344894932908966,0.016101848168107346
Nevşehir,2022,279198.0,6161.0,23244.0,48366.0,62609.0,39161.0,4005.0,790.0,0.022066776982643144,0.22424587568678858,0.14026246606351048,0.017174191792204814
Nevşehir,2023,286310.0,6015.0,23642.0,49562.0,66767.0,40336.0,4389.0,861.0,0.021008696867032238,0.23319828158289965,0.14088226048688485,0.01833676783905557
Nevşehir,2024,289307.0,5675.0,22940.0,49117.0,70506.0,41488.0,4727.0,919.0,0.01961584061222162,0.24370651245908326,0.14340475688455517,0.019515601074291324
Niğde,2021,329189.0,8998.0,31417.0,65654.0,65028.0,38459.0,4314.0,903.0,0.02733384165327517,0.19754001500657678,0.11682954169185483,0.015848038664718445
Niğde,2022,332565.0,8880.0,31008.0,64753.0,68331.0,40295.0,4644.0,937.0,0.0267015470659871,0.2054666005141852,0.12116428367386826,0.01678168177649482
Niğde,2023,344712.0,8803.0,31694.0,67999.0,72524.0,41483.0,5082.0,1000.0,0.02553726008958203,0.21039012276915223,0.12034103831604354,0.017643714172990786
Niğde,2024,342431.0,8374.0,30791.0,66927.0,73728.0,42790.0,5313.0,1072.0,0.024454561648916132,0.21530760941620355,0.12495948088812053,0.018646092205437007
Ordu,2021,703307.0,34459.0,78519.0,119809.0,146259.0,88634.0,7845.0,1170.0,0.04899567329772062,0.20795897097569055,0.12602462367074407,0.012818015461242388
Ordu,2022,707894.0,32965.0,76836.0,118468.0,150688.0,93027.0,8444.0,1231.0,0.046567706464527174,0.21286802826411863,0.1314137427354943,0.013667300471539525
Ordu,2023,723343.0,32008.0,76666.0,122196.0,156402.0,96687.0,9238.0,1310.0,0.04425009988345778,0.2162210735432568,0.13366687726293058,0.014582293600684599
Ordu,2024,721462.0,30337.0,74343.0,119637.0,160497.0,100006.0,9825.0,1385.0,0.04204933870390956,0.22246078102519606,0.1386157552303517,0.015537893887689164
Osmaniye,2021,501217.0,19026.0,52844.0,96819.0,110335.0,67505.0,6346.0,583.0,0.03795960631822145,0.22013419337332932,0.13468218356520228,0.013824351528379923
Osmaniye,2022,508767.0,18660.0,52501.0,95693.0,114923.0,71331.0,6818.0,612.0,0.03667690711072062,0.22588532668195854,0.14020366887003285,0.014603934610538813
Osmaniye,2023,509660.0,18987.0,51620.0,97677.0,117410.0,73058.0,7394.0,632.0,0.037254247929992546,0.23036926578503317,0.14334654475532707,0.01574775340423027
Osmaniye,2024,514859.0,17997.0,50984.0,95970.0,123378.0,75713.0,8285.0,678.0,0.034955201326965245,0.23963454071891527,0.14705579585867198,0.01740864974682389
Rize,2021,320446.0,9108.0,28820.0,52762.0,80854.0,49316.0,4977.0,855.0,0.02842288560319055,0.2523170830654775,0.1538980046560107,0.018199634259750474
Rize,2022,319774.0,8831.0,28325.0,50315.0,83180.0,50729.0,5088.0,919.0,0.027616379067716575,0.26012121060498977,0.15864016461626024,0.01878514200654212
Rize,2023,326997.0,8656.0,28313.0,51300.0,86594.0,52719.0,5489.0,976.0,0.0264711908671945,0.26481588516102594,0.1612216625840604,0.019770823585537483
Rize,2024,324725.0,8164.0,27907.0,49545.0,87979.0,53717.0,5737.0,1037.0,0.02514127338517207,0.2709338671183309,0.1654230502733082,0.02086072830856879
Sakarya,2021,947858.0,19419.0,78478.0,164645.0,233649.0,132285.0,14497.0,2565.0,0.02048724597988306,0.24650211318573034,0.13956204410365267,0.018000586585754406
Sakarya,2022,968881.0,18905.0,79459.0,162277.0,245981.0,140959.0,15632.0,2646.0,0.019512200156675586,0.25388153963180204,0.14548639100157812,0.018865061860022025
Sakarya,2023,991508.0,19096.0,80777.0,165940.0,256740.0,148035.0,16893.0,2800.0,0.019259552116573948,0.25893890921707136,0.14930288005744785,0.01986166526139981
Sakarya,2024,1007621.0,18280.0,81386.0,165968.0,265729.0,154428.0,17929.0,2985.0,0.018141741785850037,0.26371919600722893,0.15326000549809898,0.020755819896568252
Samsun,2021,1237383.0,24852.0,134331.0,207046.0,258409.0,184329.0,19199.0,3340.0,0.020084323123883228,0.20883509794461375,0.148966811407624,0.01821505548403364
Samsun,2022,1249371.0,24455.0,131636.0,201372.0,270023.0,193699.0,20421.0,3531.0,0.019573849561099144,0.21612715518448883,0.15503721472645035,0.01917124697147605
Samsun,2023,1269468.0,24662.0,130493.0,205504.0,280531.0,199228.0,21966.0,3719.0,0.01942703557710789,0.22098312048826751,0.1569381819785926,0.020232884956532974
Samsun,2024,1281229.0,23648.0,127198.0,203228.0,290129.0,208187.0,23545.0,3982.0,0.018457278129046406,0.22644585784430418,0.16249007788615463,0.02148483994664498
Siirt,2021,287430.0,17432.0,44069.0,71154.0,52188.0,29359.0,3208.0,470.0,0.06064780990154124,0.181567686045298,0.10214313050133945,0.012796159064815781
Siirt,2022,288486.0,17029.0,44267.0,68969.0,54975.0,30589.0,3332.0,491.0,0.059028861019252234,0.1905638401863522,0.10603287507885997,0.013251942901908585
Siirt,2023,305822.0,16910.0,45185.0,70382.0,63426.0,36349.0,3898.0,527.0,0.05529360216073402,0.2073951514279548,0.11885672057602134,0.014469201038512599
Siirt,2024,297311.0,16296.0,44516.0,68661.0,61894.0,33794.0,3869.0,555.0,0.05481129187954701,0.20817931391707672,0.11366548832703802,0.01488004143809008
Sinop,2021,203160.0,6903.0,18939.0,31017.0,37898.0,26018.0,2441.0,508.0,0.03397814530419374,0.18654262650127978,0.1280665485331758,0.014515652687536917
Sinop,2022,206184.0,6645.0,18394.0,30824.0,40015.0,27244.0,2623.0,531.0,0.03222849493656152,0.19407422496410973,0.13213440422147207,0.015297016257323555
Sinop,2023,215194.0,6505.0,18715.0,32401.0,43489.0,28141.0,2779.0,578.0,0.030228537970389508,0.20209206576391536,0.13077037463869812,0.015599877319999629
Sinop,2024,213277.0,6090.0,18117.0,31761.0,44144.0,28638.0,2921.0,600.0,0.028554415150250614,0.2069796555652977,0.13427608227797652,0.016509046920202365
Sivas,2021,582089.0,24586.0,54008.0,101023.0,133096.0,81717.0,8966.0,1799.0,0.042237527250987394,0.2286523194906621,0.1403857485710948,0.01849373549405675
Sivas,2022,583049.0,23608.0,53029.0,98770.0,136804.0,84280.0,9384.0,1868.0,0.040490593414961695,0.23463551090903165,0.14455045802325361,0.0192985495215668
Sivas,2023,600189.0,23502.0,54056.0,101151.0,147287.0,84060.0,10250.0,1968.0,0.039157665335419346,0.24540103200825072,0.14005588239704492,0.02035692090324881
Sivas,2024,589788.0,21953.0,51946.0,97513.0,148377.0,85594.0,10875.0,2075.0,0.03722184920683364,0.25157683777899853,0.1451267235006477,0.0219570421914315
Tekirdağ,2021,1015195.0,12516.0,86959.0,189177.0,242440.0,141790.0,13423.0,1790.0,0.01232866592132546,0.23881126286082968,0.13966774856062136,0.014985298390949522
Tekirdağ,2022,1044004.0,13114.0,89056.0,189709.0,255508.0,149929.0,14458.0,1856.0,0.01256125455458025,0.244738525906031,0.1436096030283409,0.015626376910433292
Tekirdağ,2023,1072291.0,13810.0,90821.0,194804.0,266531.0,159286.0,15789.0,1935.0,0.01287896662379895,0.24856219067398683,0.14854736260959012,0.01652909518031952
Tekirdağ,2024,1095624.0,13696.0,92651.0,197534.0,276275.0,166635.0,16784.0,2064.0,0.012500638905317883,0.25216223814009187,0.15209141092199513,0.017202982044935124
Tokat,2021,555456.0,13070.0,64689.0,96752.0,110838.0,71423.0,7006.0,1309.0,0.023530216614817374,0.1995441583131697,0.1285844423320659,0.014969682567116028
Tokat,2022,551380.0,12759.0,62327.0,92668.0,113871.0,73706.0,7443.0,1393.0,0.023140121150567666,0.206520004352715,0.13367550509630383,0.016025245747034712
Tokat,2023,562927.0,12987.0,61152.0,94793.0,119387.0,74789.0,7998.0,1457.0,0.02307048693702736,0.2120825613267795,0.13285736871743584,0.016796138753337467
Tokat,2024,570721.0,12521.0,59960.0,95664.0,123726.0,77106.0,8484.0,1570.0,0.021938915862566823,0.21678893890359738,0.13510279103099412,0.017616313400067633
Trabzon,2021,744432.0,24411.0,71556.0,112988.0,187873.0,123035.0,13124.0,2886.0,0.03279144367786446,0.25237093515593095,0.16527365830592988,0.021506329658048016
Trabzon,2022,747266.0,23328.0,70504.0,109245.0,192064.0,127872.0,13630.0,2958.0,0.031217799284324457,0.2570222651639443,0.17111978866963035,0.02219825336627118
Trabzon,2023,757217.0,22940.0,70420.0,111454.0,198049.0,130708.0,14431.0,3152.0,0.030295146569609504,0.26154853892609387,0.17261630417700607,0.02322055632665405
Trabzon,2024,759639.0,21674.0,69045.0,109654.0,202553.0,134081.0,15216.0,3370.0,0.028531973740158156,0.2666437610496565,0.176506208870266,0.02446688492823565
Tunceli,2021,77692.0,4217.0,5872.0,10254.0,21453.0,14425.0,1352.0,229.0,0.05427843278587242,0.2761288163517479,0.185669052154662,0.02034958554291304
Tunceli,2022,78608.0,3962.0,5729.0,9912.0,22623.0,14958.0,1442.0,251.0,0.05040199470791777,0.28779513535518014,0.19028597598208832,0.021537248117239977
Tunceli,2023,83450.0,3895.0,5933.0,10519.0,24496.0,16115.0,1565.0,254.0,0.046674655482324745,0.2935410425404434,0.19310964649490714,0.021797483523067707
Tunceli,2024,80915.0,3673.0,5715.0,10076.0,23762.0,15809.0,1642.0,271.0,0.04539331397145152,0.2936661929184947,0.19537786566149662,0.023642093554965087
Uşak,2021,340378.0,5802.0,31150.0,57210.0,71895.0,44720.0,4563.0,888.0,0.017045755013543766,0.21122105423969822,0.13138334439946178,0.01601454853133869
Uşak,2022,343174.0,5604.0,30346.0,56356.0,74873.0,46875.0,4831.0,950.0,0.016329908442947308,0.21817795054403888,0.13659251575002768,0.016845681782419415
Uşak,2023,346251.0,5651.0,29886.0,57419.0,77473.0,48219.0,5097.0,973.0,0.016320530482222435,0.2237480902582231,0.13926024762383357,0.017530635290583997
Uşak,2024,347121.0,5344.0,29212.0,57017.0,78922.0,49790.0,5378.0,1011.0,0.015395208011039378,0.22736164046542848,0.1434370147585424,0.01840568562547354
Van,2021,989808.0,49617.0,169065.0,231111.0,163933.0,89522.0,11046.0,1552.0,0.05012790359342418,0.16562100932706142,0.09044380324264908,0.012727720931736256
Van,2022,986744.0,47797.0,166315.0,224940.0,173918.0,93900.0,11693.0,1642.0,0.04843910882660548,0.1762544287069392,0.09516146031797508,0.013514143486051093
Van,2023,994304.0,46900.0,166038.0,225580.0,181521.0,99365.0,12751.0,1765.0,0.04716867276004119,0.18256086669670443,0.09993422534757981,0.014599156797116375
Van,2024,993431.0,45017.0,163830.0,221906.0,189341.0,102451.0,13384.0,1902.0,0.045314672080899426,0.19059300545281957,0.10312845079326093,0.015387077713499982
Yalova,2021,240071.0,3735.0,19004.0,40972.0,60024.0,41450.0,4489.0,685.0,0.01555789745533613,0.25002603396495204,0.17265725556189626,0.021551957545892675
Yalova,2022,248773.0,3708.0,19639.0,40811.0,64092.0,44288.0,4884.0,732.0,0.014905154498277546,0.2576324601142407,0.17802575038287918,0.02257479710418735
Yalova,2023,260684.0,3914.0,20578.0,43051.0,68896.0,47512.0,5431.0,823.0,0.015014346872075002,0.2642893311442206,0.18225898022126405,0.02399073207408203
Yalova,2024,266171.0,3813.0,20974.0,43257.0,71183.0,49662.0,5817.0,895.0,0.01432537729504717,0.26743334172392935,0.18657930428183386,0.025216871860570835
Yozgat,2021,379059.0,13011.0,38079.0,65485.0,78326.0,41484.0,4096.0,693.0,0.03432447191598142,0.2066327405496242,0.10943942763527577,0.012633917147462531
Yozgat,2022,380827.0,12551.0,37134.0,64421.0,82233.0,42931.0,4283.0,679.0,0.032957222045705795,0.21593269384786268,0.11273097758299701,0.013029538346808393
Yozgat,2023,384411.0,12580.0,36400.0,65546.0,85807.0,45044.0,4569.0,717.0,0.03272539027239075,0.22321681741677527,0.1171766676812058,0.01375090723210314
Yozgat,2024,379632.0,11709.0,35479.0,64079.0,86818.0,45464.0,4707.0,775.0,0.03084302693134404,0.22868988915581406,0.11975808151051545,0.014440300080077548
Zonguldak,2021,551642.0,23958.0,44645.0,85226.0,125577.0,71381.0,6888.0,1178.0,0.04343034069197052,0.22764220273293187,0.1293973265269867,0.014621801820746063
Zonguldak,2022,552368.0,22943.0,43142.0,83344.0,129452.0,74213.0,7274.0,1201.0,0.0415357153202213,0.23435825391767806,0.13435427106566636,0.015343032181444255
Zonguldak,2023,556794.0,21998.0,42411.0,84801.0,134473.0,76284.0,7618.0,1237.0,0.03950832803514406,0.2415130191776492,0.1370057867002877,0.01590354781121923
Zonguldak,2024,554659.0,20952.0,41042.0,83240.0,136266.0,78169.0,8094.0,1332.0,0.03777456058587348,0.24567527075193948,0.14093163547332685,0.01699422528075809
Çanakkale,2021,518657.0,5683.0,40138.0,73964.0,116682.0,90826.0,10005.0,2178.0,0.010957145088179665,0.22496948850589119,0.17511765964789833,0.023489512336669512
Çanakkale,2022,521721.0,5633.0,39173.0,72213.0,119564.0,94027.0,10889.0,2250.0,0.010796958527642168,0.22917229707065653,0.1802246794742784,0.02518395847589037
Çanakkale,2023,534166.0,5699.0,38661.0,74384.0,125433.0,98964.0,11887.0,2396.0,0.0106689680735951,0.23482026186616145,0.18526824994477373,0.02673887892527791
Çanakkale,2024,534014.0,5297.0,38309.0,73011.0,126495.0,100827.0,12805.0,2525.0,0.00991921560108911,0.2368758122446228,0.18880965667566768,0.028707112547611113
Çankırı,2021,177194.0,6038.0,14619.0,28589.0,40228.0,22389.0,2236.0,415.0,0.03407564590223145,0.22702800320552616,0.12635303678454124,0.014961003194239082
Çankırı,2022,176488.0,5761.0,14187.0,27521.0,41734.0,22888.0,2368.0,431.0,0.032642445945333394,0.2364693350256108,0.12968587099406192,0.015859435202393364
Çankırı,2023,187914.0,5584.0,14637.0,29508.0,45967.0,24341.0,2512.0,482.0,0.029715721021318264,0.24461721851485255,0.12953265855657375,0.015932820332705388
Çankırı,2024,183489.0,4780.0,14597.0,28438.0,45861.0,24591.0,2673.0,513.0,0.02605060793835053,0.24993868842273922,0.13401893301505813,0.017363438680247863
Çorum,2021,482130.0,18802.0,50748.0,79285.0,91161.0,59098.0,5735.0,924.0,0.038997780681558916,0.18907970879223446,0.12257689834691889,0.013811627569327774
Çorum,2022,483106.0,18023.0,49266.0,77399.0,94513.0,61489.0,6141.0,944.0,0.03730651244240395,0.195636154384338,0.12727848546695755,0.01466551854044454
Çorum,2023,490386.0,17518.0,48542.0,78989.0,98604.0,63490.0,6548.0,985.0,0.035722879527555845,0.20107425579033658,0.1294694383608015,0.015361368391430425
Çorum,2024,487255.0,16536.0,46682.0,77227.0,101043.0,65276.0,6844.0,1040.0,0.03393705554586408,0.20737190998553118,0.1339668140911843,0.016180439400314005
İstanbul,2021,13859004.0,222814.0,1165968.0,2401597.0,3224668.0,2586331.0,370978.0,58231.0,0.016077201507409912,0.23267674935370536,0.1866173788534876,0.030969685844668204
İstanbul,2022,13995728.0,220816.0,1164661.0,2327033.0,3362672.0,2702394.0,389440.0,60138.0,0.015777385785148153,0.24026417203878211,0.19308706199491732,0.03212251624209902
İstanbul,2023,13968646.0,219667.0,1151414.0,2319222.0,3433622.0,2783676.0,410325.0,62882.0,0.015725718870676513,0.24580922159527846,0.19928030247169268,0.03387636854710185
İstanbul,2024,14118360.0,212397.0,1137637.0,2308486.0,3526211.0,2865081.0,427037.0,66069.0,0.015044027776597281,0.2497606662530209,0.20293298938403612,0.034926577874484006
İzmir,2021,4093037.0,48598.0,334624.0,670082.0,967679.0,769101.0,89885.0,17095.0,0.011873335129880331,0.2364207799734036,0.1879047269790134,0.026137071323811635
İzmir,2022,4136326.0,48955.0,330806.0,659374.0,1003854.0,800362.0,95155.0,17805.0,0.01183538241424878,0.24269218625417824,0.19349587048989852,0.02730925947326202
İzmir,2023,4172061.0,50053.0,327814.0,666997.0,1033320.0,822304.0,99784.0,18663.0,0.011997187960578717,0.2476761485510399,0.1970977893180373,0.028390524491372488
İzmir,2024,4199761.0,47629.0,322550.0,663055.0,1057193.0,843745.0,104954.0,19758.0,0.011340883445510352,0.25172694350940444,0.20090309900968173,0.02969502312155382
Şanlıurfa,2021,1780304.0,111571.0,334409.0,432556.0,245872.0,131215.0,15256.0,1488.0,0.06266963395015683,0.1381067503078126,0.07370370453585455,0.009405135302734813
Şanlıurfa,2022,1814458.0,109178.0,339068.0,436991.0,264271.0,137887.0,15663.0,1530.0,0.060171136504675225,0.14564735033822773,0.0759934922715213,0.00947555688806244
Şanlıurfa,2023,1867101.0,109031.0,347259.0,451892.0,282081.0,147428.0,16770.0,1604.0,0.058395876816519296,0.1510796684271499,0.07896091320180322,0.009840924513456958
Şanlıurfa,2024,1899240.0,106044.0,350883.0,459645.0,296450.0,152562.0,17168.0,1727.0,0.055834965565173436,0.15608875128998967,0.08032792064194098,0.009948716328636718
Şırnak,2021,466947.0,24251.0,71121.0,125648.0,90890.0,43109.0,4277.0,255.0,0.05193523033663349,0.1946473582654991,0.09232097004585103,0.009705598279890437
Şırnak,2022,478086.0,23678.0,70952.0,124314.0,99741.0,47529.0,4640.0,271.0,0.04952665420029032,0.20862564475847442,0.09941516798232954,0.010272210439126015
Şırnak,2023,492304.0,23831.0,73544.0,125799.0,107127.0,51729.0,4947.0,280.0,0.048407081803113525,0.21760335077513082,0.10507531931489486,0.010617423380675355
Şırnak,2024,493888.0,23156.0,74051.0,125742.0,110777.0,50966.0,4771.0,328.0,0.04688512375275366,0.22429579175845535,0.10319343656861475,0.010324203058183231
