province,year,investigation_files_total_load,investigation_files_carry_in,investigation_files_opened,investigation_files_closed,investigation_files_carry_out
Adana,2011,171394.0,82061.0,89333.0,84244.0,87150.0
Adana,2012,179927.0,87152.0,92775.0,86311.0,93616.0
Adana,2013,193630.0,93615.0,100015.0,93783.0,99847.0
Adana,2014,203390.0,101350.0,102040.0,93951.0,109439.0
Adana,2015,211659.0,109439.0,102220.0,100783.0,110876.0
Adana,2016,218678.0,110877.0,107801.0,95175.0,123503.0
Adana,2017,237840.0,123504.0,114336.0,106004.0,131836.0
Adana,2018,242187.0,131835.0,110352.0,102989.0,139198.0
Adana,2019,241380.0,139198.0,102182.0,110396.0,130984.0
Adana,2020,230176.0,130984.0,99192.0,97261.0,132915.0
Adana,2021,245731.0,132916.0,112815.0,109810.0,135921.0
Adıyaman,2011,22908.0,5746.0,17162.0,15644.0,7264.0
Adıyaman,2012,24581.0,7264.0,17317.0,16914.0,7667.0
Adıyaman,2013,24558.0,7667.0,16891.0,16244.0,8314.0
Adıyaman,2014,25779.0,8324.0,17455.0,16088.0,9691.0
Adıyaman,2015,26773.0,9691.0,17082.0,15745.0,11028.0
Adıyaman,2016,29493.0,11028.0,18465.0,14771.0,14722.0
Adıyaman,2017,34745.0,14721.0,20024.0,19226.0,15519.0
Adıyaman,2018,36289.0,15519.0,20770.0,19685.0,16604.0
Adıyaman,2019,37162.0,16604.0,20558.0,20982.0,16180.0
Adıyaman,2020,34792.0,16180.0,18612.0,17924.0,16868.0
Adıyaman,2021,37040.0,16868.0,20172.0,19355.0,17685.0
Afyonkarahisar,2011,40014.0,12086.0,27928.0,27582.0,12432.0
Afyonkarahisar,2012,39718.0,12432.0,27286.0,25836.0,13882.0
Afyonkarahisar,2013,41482.0,13882.0,27600.0,26822.0,14660.0
Afyonkarahisar,2014,44258.0,14660.0,29598.0,28066.0,16192.0
Afyonkarahisar,2015,46159.0,16192.0,29967.0,29956.0,16203.0
Afyonkarahisar,2016,46792.0,16205.0,30587.0,26200.0,20592.0
Afyonkarahisar,2017,58690.0,20592.0,38098.0,34597.0,24093.0
Afyonkarahisar,2018,60964.0,24090.0,36874.0,36547.0,24417.0
Afyonkarahisar,2019,60935.0,24417.0,36518.0,35745.0,25190.0
Afyonkarahisar,2020,61125.0,25191.0,35934.0,33273.0,27852.0
Afyonkarahisar,2021,66428.0,27852.0,38576.0,37324.0,29104.0
Aksaray,2011,16777.0,5160.0,11617.0,10638.0,6139.0
Aksaray,2012,18672.0,6139.0,12533.0,10887.0,7785.0
Aksaray,2013,22256.0,7785.0,14471.0,14246.0,8010.0
Aksaray,2014,23743.0,8010.0,15733.0,13630.0,10113.0
Aksaray,2015,27538.0,10113.0,17425.0,17341.0,10197.0
Aksaray,2016,27727.0,10197.0,17530.0,10769.0,16958.0
Aksaray,2017,36786.0,16958.0,19828.0,18576.0,18210.0
Aksaray,2018,38248.0,18210.0,20038.0,19850.0,18398.0
Aksaray,2019,36588.0,18398.0,18190.0,20596.0,15992.0
Aksaray,2020,34204.0,15992.0,18212.0,16590.0,17614.0
Aksaray,2021,36623.0,17614.0,19009.0,17943.0,18680.0
Amasya,2011,17495.0,4775.0,12720.0,12966.0,4529.0
Amasya,2012,17585.0,4529.0,13056.0,12788.0,4797.0
Amasya,2013,18911.0,4797.0,14114.0,13825.0,5086.0
Amasya,2014,18877.0,5086.0,13791.0,13031.0,5846.0
Amasya,2015,19278.0,5846.0,13432.0,13469.0,5809.0
Amasya,2016,19845.0,5809.0,14036.0,12008.0,7837.0
Amasya,2017,24400.0,7840.0,16560.0,14843.0,9557.0
Amasya,2018,25484.0,9557.0,15927.0,16716.0,8768.0
Amasya,2019,25829.0,8768.0,17061.0,17172.0,8657.0
Amasya,2020,24825.0,8657.0,16168.0,15640.0,9185.0
Amasya,2021,25542.0,9185.0,16357.0,16506.0,9036.0
Ankara,2011,460601.0,250471.0,210130.0,181228.0,279373.0
Ankara,2012,495057.0,279375.0,215682.0,190210.0,304847.0
Ankara,2013,538761.0,304847.0,233914.0,206598.0,332163.0
Ankara,2014,584508.0,332631.0,251877.0,240072.0,344436.0
Ankara,2015,609916.0,344437.0,265479.0,259712.0,350204.0
Ankara,2016,625597.0,350204.0,275393.0,241808.0,383789.0
Ankara,2017,693886.0,383790.0,310096.0,261250.0,432636.0
Ankara,2018,765399.0,432636.0,332763.0,332946.0,432453.0
Ankara,2019,736639.0,432454.0,304185.0,317273.0,419366.0
Ankara,2020,722065.0,419365.0,302700.0,275473.0,446592.0
Ankara,2021,809514.0,446593.0,362921.0,381335.0,428179.0
Antalya,2011,253481.0,117211.0,136270.0,126306.0,127175.0
Antalya,2012,264144.0,127175.0,136969.0,122437.0,141707.0
Antalya,2013,286432.0,141708.0,144724.0,140910.0,145522.0
Antalya,2014,293085.0,145620.0,147465.0,138600.0,154485.0
Antalya,2015,305599.0,154485.0,151114.0,146818.0,158781.0
Antalya,2016,314051.0,158781.0,155270.0,134439.0,179612.0
Antalya,2017,347773.0,179612.0,168161.0,137569.0,210204.0
Antalya,2018,395081.0,210205.0,184876.0,187844.0,207237.0
Antalya,2019,390246.0,207239.0,183007.0,194833.0,195413.0
Antalya,2020,356898.0,195412.0,161486.0,156948.0,199950.0
Antalya,2021,375684.0,199950.0,175734.0,179397.0,196287.0
Ardahan,2011,7382.0,1653.0,5729.0,6205.0,1177.0
Ardahan,2012,6260.0,1177.0,5083.0,4817.0,1443.0
Ardahan,2013,7018.0,1443.0,5575.0,5215.0,1803.0
Ardahan,2014,6941.0,1816.0,5125.0,4795.0,2146.0
Ardahan,2015,6815.0,2146.0,4669.0,4511.0,2304.0
Ardahan,2016,7107.0,2304.0,4803.0,3467.0,3640.0
Ardahan,2017,9409.0,3639.0,5770.0,4971.0,4438.0
Ardahan,2018,10004.0,4439.0,5565.0,5907.0,4097.0
Ardahan,2019,9328.0,4097.0,5231.0,5923.0,3405.0
Ardahan,2020,8266.0,3406.0,4860.0,4639.0,3627.0
Ardahan,2021,9149.0,3627.0,5522.0,5175.0,3974.0
Artvin,2011,9196.0,2784.0,6412.0,6778.0,2418.0
Artvin,2012,8626.0,2418.0,6208.0,6113.0,2513.0
Artvin,2013,9488.0,2514.0,6974.0,6608.0,2880.0
Artvin,2014,9865.0,2882.0,6983.0,6645.0,3220.0
Artvin,2015,10274.0,3220.0,7054.0,6493.0,3781.0
Artvin,2016,11308.0,3781.0,7527.0,6158.0,5150.0
Artvin,2017,13524.0,5150.0,8374.0,7006.0,6518.0
Artvin,2018,16107.0,6518.0,9589.0,9553.0,6554.0
Artvin,2019,16271.0,6555.0,9716.0,10581.0,5690.0
Artvin,2020,13727.0,5690.0,8037.0,8143.0,5584.0
Artvin,2021,14089.0,5584.0,8505.0,8165.0,5924.0
Aydın,2011,97266.0,39349.0,57917.0,54693.0,42573.0
Aydın,2012,100918.0,42573.0,58345.0,51931.0,48987.0
Aydın,2013,109658.0,48987.0,60671.0,56500.0,53158.0
Aydın,2014,114453.0,53162.0,61291.0,58098.0,56355.0
Aydın,2015,119636.0,56355.0,63281.0,61216.0,58420.0
Aydın,2016,125825.0,58420.0,67405.0,57403.0,68422.0
Aydın,2017,149776.0,68420.0,81356.0,70570.0,79206.0
Aydın,2018,161311.0,79206.0,82105.0,77710.0,83601.0
Aydın,2019,167058.0,83601.0,83457.0,81331.0,85727.0
Aydın,2020,163357.0,85727.0,77630.0,71087.0,92270.0
Aydın,2021,179808.0,92270.0,87538.0,85850.0,93958.0
Ağrı,2011,23537.0,7780.0,15757.0,15877.0,7660.0
Ağrı,2012,20452.0,7660.0,12792.0,12366.0,8086.0
Ağrı,2013,21405.0,8086.0,13319.0,12064.0,9341.0
Ağrı,2014,25375.0,9353.0,16022.0,13395.0,11980.0
Ağrı,2015,27659.0,11980.0,15679.0,15137.0,12522.0
Ağrı,2016,30174.0,12522.0,17652.0,13619.0,16555.0
Ağrı,2017,38376.0,16555.0,21821.0,18280.0,20096.0
Ağrı,2018,43560.0,20096.0,23464.0,23513.0,20047.0
Ağrı,2019,41322.0,20049.0,21273.0,18813.0,22509.0
Ağrı,2020,40362.0,22509.0,17853.0,19767.0,20595.0
Ağrı,2021,40752.0,20595.0,20157.0,19335.0,21417.0
Balıkesir,2011,84533.0,32269.0,52264.0,51487.0,33046.0
Balıkesir,2012,87517.0,33046.0,54471.0,49291.0,38226.0
Balıkesir,2013,94599.0,38226.0,56373.0,54409.0,40190.0
Balıkesir,2014,96693.0,40190.0,56503.0,55378.0,41315.0
Balıkesir,2015,99862.0,41315.0,58547.0,56868.0,42994.0
Balıkesir,2016,102670.0,42994.0,59676.0,47470.0,55200.0
Balıkesir,2017,124121.0,55200.0,68921.0,58874.0,65247.0
Balıkesir,2018,134478.0,65247.0,69231.0,68266.0,66212.0
Balıkesir,2019,133056.0,66213.0,66843.0,69815.0,63241.0
Balıkesir,2020,125662.0,63242.0,62420.0,59614.0,66048.0
Balıkesir,2021,139589.0,66047.0,73542.0,74267.0,65322.0
Bartın,2011,11104.0,2169.0,8935.0,8380.0,2724.0
Bartın,2012,10772.0,2724.0,8048.0,8227.0,2545.0
Bartın,2013,11232.0,2545.0,8687.0,8702.0,2530.0
Bartın,2014,11211.0,2530.0,8681.0,8078.0,3133.0
Bartın,2015,12390.0,3133.0,9257.0,9066.0,3324.0
Bartın,2016,12728.0,3324.0,9404.0,7770.0,4958.0
Bartın,2017,15835.0,4958.0,10877.0,9566.0,6269.0
Bartın,2018,16645.0,6269.0,10376.0,10652.0,5993.0
Bartın,2019,15976.0,5993.0,9983.0,11303.0,4673.0
Bartın,2020,13845.0,4673.0,9172.0,7362.0,6483.0
Bartın,2021,16706.0,6483.0,10223.0,10309.0,6397.0
Batman,2011,25292.0,10051.0,15241.0,14728.0,10564.0
Batman,2012,25505.0,10564.0,14941.0,13653.0,11852.0
Batman,2013,30717.0,11852.0,18865.0,14027.0,16690.0
Batman,2014,38041.0,16690.0,21351.0,17765.0,20276.0
Batman,2015,44491.0,20276.0,24215.0,23257.0,21234.0
Batman,2016,45760.0,21234.0,24526.0,18969.0,26791.0
Batman,2017,59437.0,26791.0,32646.0,23869.0,35568.0
Batman,2018,62354.0,35568.0,26786.0,30680.0,31674.0
Batman,2019,57358.0,31674.0,25684.0,27971.0,29387.0
Batman,2020,52317.0,29387.0,22930.0,21508.0,30809.0
Batman,2021,56093.0,30809.0,25284.0,23335.0,32758.0
Bayburt,2011,,,,,
Bayburt,2012,,,,,
Bayburt,2013,,,,,
Bayburt,2014,3565.0,2800.0,2561.0,1004.0,
Bayburt,2015,3952.0,1004.0,2948.0,3023.0,
Bayburt,2016,4254.0,3325.0,2553.0,1701.0,
Bayburt,2017,5476.0,1701.0,3775.0,3274.0,2202.0
Bayburt,2018,5863.0,2202.0,3661.0,3494.0,2369.0
Bayburt,2019,4969.0,2369.0,2600.0,3227.0,1742.0
Bayburt,2020,4249.0,1742.0,2507.0,2413.0,1836.0
Bayburt,2021,4813.0,1836.0,2977.0,2900.0,1913.0
Bilecik,2011,15244.0,4968.0,10276.0,10768.0,4476.0
Bilecik,2012,14811.0,4476.0,10335.0,9778.0,5033.0
Bilecik,2013,15784.0,5033.0,10751.0,10502.0,5282.0
Bilecik,2014,16097.0,5284.0,10813.0,10722.0,5375.0
Bilecik,2015,16870.0,5375.0,11495.0,11785.0,5085.0
Bilecik,2016,17899.0,5086.0,12813.0,11162.0,6737.0
Bilecik,2017,21971.0,6737.0,15234.0,15024.0,6947.0
Bilecik,2018,22557.0,6947.0,15610.0,14957.0,7600.0
Bilecik,2019,21971.0,7600.0,14371.0,14510.0,7461.0
Bilecik,2020,21993.0,7461.0,14532.0,14049.0,7944.0
Bilecik,2021,24853.0,7943.0,16910.0,15139.0,9714.0
Bingöl,2011,8621.0,2005.0,6616.0,5403.0,3218.0
Bingöl,2012,10164.0,3218.0,6946.0,6649.0,3515.0
Bingöl,2013,11494.0,3515.0,7979.0,7536.0,3958.0
Bingöl,2014,13856.0,3958.0,9898.0,7751.0,6105.0
Bingöl,2015,14576.0,6106.0,8470.0,7910.0,6666.0
Bingöl,2016,15863.0,6666.0,9197.0,7486.0,8377.0
Bingöl,2017,19259.0,8377.0,10882.0,10124.0,9135.0
Bingöl,2018,19812.0,9134.0,10678.0,10312.0,9500.0
Bingöl,2019,19603.0,9500.0,10103.0,10568.0,9035.0
Bingöl,2020,18885.0,9035.0,9850.0,9109.0,9776.0
Bingöl,2021,20860.0,9776.0,11084.0,11096.0,9764.0
Bitlis,2011,13608.0,3370.0,10238.0,10063.0,3545.0
Bitlis,2012,11872.0,3545.0,8327.0,8119.0,3753.0
Bitlis,2013,12054.0,3753.0,8301.0,7627.0,4427.0
Bitlis,2014,14263.0,4434.0,9829.0,8119.0,6144.0
Bitlis,2015,16147.0,6144.0,10003.0,8674.0,7473.0
Bitlis,2016,19579.0,7473.0,12106.0,9039.0,10540.0
Bitlis,2017,25405.0,10540.0,14865.0,12729.0,12676.0
Bitlis,2018,26904.0,12676.0,14228.0,13525.0,13379.0
Bitlis,2019,25446.0,13379.0,12067.0,13338.0,12108.0
Bitlis,2020,23277.0,12108.0,11169.0,10503.0,12774.0
Bitlis,2021,25423.0,12775.0,12648.0,13202.0,12221.0
Bolu,2011,18560.0,5026.0,13534.0,13074.0,5486.0
Bolu,2012,19763.0,5486.0,14277.0,13376.0,6387.0
Bolu,2013,20948.0,6388.0,14560.0,14257.0,6691.0
Bolu,2014,21086.0,6691.0,14395.0,13714.0,7372.0
Bolu,2015,22746.0,7372.0,15374.0,14885.0,7861.0
Bolu,2016,23264.0,7861.0,15403.0,13995.0,9269.0
Bolu,2017,24596.0,9269.0,15327.0,14972.0,9624.0
Bolu,2018,25167.0,9624.0,15543.0,15283.0,9884.0
Bolu,2019,26757.0,9884.0,16873.0,16265.0,10492.0
Bolu,2020,28092.0,10493.0,17599.0,17009.0,11083.0
Bolu,2021,30421.0,11083.0,19338.0,18883.0,11538.0
Burdur,2011,19224.0,6209.0,13015.0,13227.0,5997.0
Burdur,2012,18228.0,5997.0,12231.0,11705.0,6523.0
Burdur,2013,18935.0,6523.0,12412.0,12600.0,6335.0
Burdur,2014,18890.0,6335.0,12555.0,12225.0,6665.0
Burdur,2015,20115.0,6665.0,13450.0,13273.0,6842.0
Burdur,2016,21163.0,6842.0,14321.0,11165.0,9998.0
Burdur,2017,26092.0,9998.0,16094.0,14013.0,12079.0
Burdur,2018,27780.0,12079.0,15701.0,15599.0,12181.0
Burdur,2019,28203.0,12181.0,16022.0,15432.0,12771.0
Burdur,2020,27916.0,12771.0,15145.0,15840.0,12076.0
Burdur,2021,28572.0,12076.0,16496.0,17482.0,11090.0
Bursa,2011,198551.0,80103.0,118448.0,111862.0,86689.0
Bursa,2012,207197.0,86689.0,120508.0,109755.0,97442.0
Bursa,2013,223352.0,97445.0,125907.0,113399.0,109953.0
Bursa,2014,241488.0,110029.0,131459.0,124163.0,117325.0
Bursa,2015,251028.0,117326.0,133702.0,129448.0,121580.0
Bursa,2016,264839.0,121583.0,143256.0,122077.0,142762.0
Bursa,2017,300965.0,142762.0,158203.0,138191.0,162774.0
Bursa,2018,325335.0,162776.0,162559.0,155452.0,169883.0
Bursa,2019,334885.0,169880.0,165005.0,164631.0,170254.0
Bursa,2020,326944.0,170256.0,156688.0,144515.0,182429.0
Bursa,2021,368609.0,182428.0,186181.0,175307.0,193302.0
Denizli,2011,88806.0,41012.0,47794.0,46885.0,41921.0
Denizli,2012,87828.0,41921.0,45907.0,47176.0,40652.0
Denizli,2013,85600.0,40652.0,44948.0,43578.0,42022.0
Denizli,2014,88862.0,42034.0,46828.0,42900.0,45962.0
Denizli,2015,95154.0,45962.0,49192.0,49270.0,45884.0
Denizli,2016,96287.0,45884.0,50403.0,46654.0,49633.0
Denizli,2017,106883.0,49633.0,57250.0,58259.0,48624.0
Denizli,2018,109592.0,48624.0,60968.0,61974.0,47618.0
Denizli,2019,107162.0,47618.0,59544.0,60223.0,46939.0
Denizli,2020,104271.0,46939.0,57332.0,55514.0,48757.0
Denizli,2021,108234.0,48757.0,59477.0,61448.0,46786.0
Diyarbakır,2011,107963.0,56767.0,51196.0,36819.0,71144.0
Diyarbakır,2012,118633.0,71144.0,47489.0,42809.0,75824.0
Diyarbakır,2013,125019.0,75824.0,49195.0,46540.0,78479.0
Diyarbakır,2014,143454.0,90233.0,53221.0,59803.0,83651.0
Diyarbakır,2015,144677.0,83651.0,61026.0,49269.0,95408.0
Diyarbakır,2016,155495.0,95408.0,60087.0,44200.0,111295.0
Diyarbakır,2017,196953.0,111289.0,85664.0,74436.0,122517.0
Diyarbakır,2018,223692.0,122518.0,101174.0,96621.0,127071.0
Diyarbakır,2019,225199.0,127070.0,98129.0,95387.0,129812.0
Diyarbakır,2020,215653.0,129813.0,85840.0,75938.0,139715.0
Diyarbakır,2021,229126.0,139715.0,89411.0,94095.0,135031.0
Düzce,2011,27236.0,8434.0,18802.0,19094.0,8142.0
Düzce,2012,28294.0,8141.0,20153.0,19734.0,8560.0
Düzce,2013,29024.0,8560.0,20464.0,19713.0,9311.0
Düzce,2014,28528.0,9311.0,19217.0,18217.0,10311.0
Düzce,2015,27927.0,10312.0,17615.0,17366.0,10561.0
Düzce,2016,29174.0,10560.0,18614.0,14140.0,15034.0
Düzce,2017,34317.0,15034.0,19283.0,14917.0,19400.0
Düzce,2018,39413.0,19400.0,20013.0,18797.0,20616.0
Düzce,2019,39172.0,20616.0,18556.0,19279.0,19893.0
Düzce,2020,36973.0,19893.0,17080.0,17456.0,19517.0
Düzce,2021,39639.0,19517.0,20122.0,18992.0,20647.0
Edirne,2011,29731.0,9213.0,20518.0,19371.0,10360.0
Edirne,2012,33784.0,10360.0,23424.0,21271.0,12513.0
Edirne,2013,36412.0,12513.0,23899.0,21374.0,15038.0
Edirne,2014,39447.0,15038.0,24409.0,23818.0,15629.0
Edirne,2015,37897.0,15629.0,22268.0,21429.0,16468.0
Edirne,2016,39054.0,16468.0,22586.0,20238.0,18816.0
Edirne,2017,45599.0,18816.0,26783.0,23062.0,22537.0
Edirne,2018,49969.0,22536.0,27433.0,25798.0,24171.0
Edirne,2019,51183.0,24171.0,27012.0,27693.0,23490.0
Edirne,2020,48209.0,23490.0,24719.0,23321.0,24888.0
Edirne,2021,50363.0,24888.0,25475.0,27064.0,23299.0
Elazığ,2011,30259.0,8636.0,21623.0,21382.0,8877.0
Elazığ,2012,30597.0,8877.0,21720.0,20075.0,10522.0
Elazığ,2013,32991.0,10521.0,22470.0,20571.0,12420.0
Elazığ,2014,38046.0,12428.0,25618.0,23612.0,14434.0
Elazığ,2015,39163.0,14435.0,24728.0,23591.0,15572.0
Elazığ,2016,40155.0,15571.0,24584.0,22095.0,18060.0
Elazığ,2017,46067.0,18060.0,28007.0,26548.0,19519.0
Elazığ,2018,48325.0,19519.0,28806.0,28289.0,20036.0
Elazığ,2019,43317.0,20036.0,23281.0,23310.0,20007.0
Elazığ,2020,41740.0,20007.0,21733.0,21885.0,19855.0
Elazığ,2021,45732.0,19855.0,25877.0,25310.0,20422.0
Erzincan,2011,14453.0,5217.0,9236.0,9999.0,4454.0
Erzincan,2012,13769.0,4454.0,9315.0,9090.0,4679.0
Erzincan,2013,14326.0,4679.0,9647.0,9589.0,4737.0
Erzincan,2014,14481.0,4739.0,9742.0,9320.0,5161.0
Erzincan,2015,15690.0,5161.0,10529.0,10224.0,5466.0
Erzincan,2016,16116.0,5466.0,10650.0,8553.0,7563.0
Erzincan,2017,19386.0,7563.0,11823.0,10674.0,8712.0
Erzincan,2018,21026.0,8712.0,12314.0,13201.0,7825.0
Erzincan,2019,19227.0,7825.0,11402.0,12921.0,6306.0
Erzincan,2020,16230.0,6306.0,9924.0,9641.0,6589.0
Erzincan,2021,18625.0,6589.0,12036.0,10852.0,7773.0
Erzurum,2011,41703.0,15637.0,26066.0,27827.0,13876.0
Erzurum,2012,39592.0,13876.0,25716.0,24746.0,14846.0
Erzurum,2013,40156.0,14846.0,25310.0,25265.0,14891.0
Erzurum,2014,42314.0,16177.0,26137.0,26038.0,16276.0
Erzurum,2015,43464.0,16276.0,27188.0,26180.0,17284.0
Erzurum,2016,44168.0,17284.0,26884.0,21677.0,22491.0
Erzurum,2017,59525.0,22490.0,37035.0,33426.0,26099.0
Erzurum,2018,59337.0,26099.0,33238.0,35584.0,23753.0
Erzurum,2019,51062.0,23752.0,27310.0,30197.0,20865.0
Erzurum,2020,45336.0,20865.0,24471.0,26152.0,19184.0
Erzurum,2021,46470.0,19184.0,27286.0,26279.0,20191.0
Eskişehir,2011,70895.0,33614.0,37281.0,32875.0,38020.0
Eskişehir,2012,76395.0,38020.0,38375.0,33770.0,42625.0
Eskişehir,2013,85440.0,42625.0,42815.0,37655.0,47785.0
Eskişehir,2014,93405.0,47785.0,45620.0,46394.0,47011.0
Eskişehir,2015,93328.0,47011.0,46317.0,43316.0,50012.0
Eskişehir,2016,98116.0,50012.0,48104.0,45568.0,52548.0
Eskişehir,2017,103069.0,52548.0,50521.0,49402.0,53667.0
Eskişehir,2018,111540.0,53667.0,57873.0,57514.0,54026.0
Eskişehir,2019,116713.0,54026.0,62687.0,62901.0,53812.0
Eskişehir,2020,110457.0,53812.0,56645.0,56344.0,54113.0
Eskişehir,2021,116221.0,54113.0,62108.0,62989.0,53232.0
Gaziantep,2011,119006.0,54566.0,64440.0,63895.0,55111.0
Gaziantep,2012,137831.0,55111.0,82720.0,72844.0,64987.0
Gaziantep,2013,148455.0,64988.0,83467.0,77509.0,70946.0
Gaziantep,2014,150946.0,70946.0,80000.0,74034.0,76912.0
Gaziantep,2015,168320.0,76912.0,91408.0,73557.0,94763.0
Gaziantep,2016,195690.0,94764.0,100926.0,65944.0,129746.0
Gaziantep,2017,247830.0,129749.0,118081.0,76407.0,171423.0
Gaziantep,2018,288040.0,171423.0,116617.0,96719.0,191321.0
Gaziantep,2019,304822.0,191319.0,113503.0,105491.0,199331.0
Gaziantep,2020,311024.0,199331.0,111693.0,89504.0,221520.0
Gaziantep,2021,348570.0,221520.0,127050.0,114228.0,234342.0
Giresun,2011,24215.0,7225.0,16990.0,16899.0,7316.0
Giresun,2012,24374.0,7316.0,17058.0,16428.0,7946.0
Giresun,2013,26443.0,7945.0,18498.0,18512.0,7931.0
Giresun,2014,26610.0,7931.0,18679.0,18640.0,7970.0
Giresun,2015,26361.0,7970.0,18391.0,18930.0,7431.0
Giresun,2016,26727.0,7430.0,19297.0,16859.0,9868.0
Giresun,2017,31191.0,9868.0,21323.0,19026.0,12165.0
Giresun,2018,34145.0,12165.0,21980.0,21179.0,12966.0
Giresun,2019,33263.0,12966.0,20297.0,22616.0,10647.0
Giresun,2020,28392.0,10648.0,17744.0,17003.0,11389.0
Giresun,2021,31991.0,11390.0,20601.0,19330.0,12661.0
Gümüşhane,2011,,,,,
Gümüşhane,2012,6239.0,5265.0,5194.0,1045.0,
Gümüşhane,2013,6067.0,1045.0,5022.0,4879.0,1188.0
Gümüşhane,2014,5874.0,1188.0,4686.0,4399.0,1475.0
Gümüşhane,2015,6125.0,1475.0,4650.0,4484.0,1641.0
Gümüşhane,2016,7251.0,1641.0,5610.0,4880.0,2371.0
Gümüşhane,2017,8888.0,2371.0,6517.0,6176.0,2712.0
Gümüşhane,2018,9331.0,2712.0,6619.0,6795.0,2536.0
Gümüşhane,2019,8312.0,2536.0,5776.0,5607.0,2705.0
Gümüşhane,2020,7870.0,2705.0,5165.0,4489.0,3381.0
Gümüşhane,2021,9131.0,3381.0,5750.0,5825.0,3306.0
Hakkari,2011,9562.0,3131.0,6431.0,5789.0,3773.0
Hakkari,2012,10633.0,3773.0,6860.0,6089.0,4544.0
Hakkari,2013,11605.0,4544.0,7061.0,6688.0,4917.0
Hakkari,2014,16376.0,4918.0,11458.0,7904.0,8472.0
Hakkari,2015,16239.0,8472.0,7767.0,7108.0,9131.0
Hakkari,2016,18643.0,9131.0,9512.0,5934.0,12709.0
Hakkari,2017,26949.0,12709.0,14240.0,12740.0,14209.0
Hakkari,2018,27803.0,14209.0,13594.0,13671.0,14132.0
Hakkari,2019,26933.0,14132.0,12801.0,13667.0,13266.0
Hakkari,2020,24571.0,13266.0,11305.0,10800.0,13771.0
Hakkari,2021,27173.0,13771.0,13402.0,12744.0,14429.0
Hatay,2011,78874.0,29799.0,49075.0,45129.0,33745.0
Hatay,2012,87082.0,33745.0,53337.0,46798.0,40284.0
Hatay,2013,102027.0,40284.0,61743.0,53189.0,48838.0
Hatay,2014,116428.0,48839.0,67589.0,60754.0,55674.0
Hatay,2015,121512.0,55675.0,65837.0,62184.0,59328.0
Hatay,2016,126984.0,59328.0,67656.0,55980.0,71004.0
Hatay,2017,144529.0,71004.0,73525.0,63931.0,80598.0
Hatay,2018,155705.0,80598.0,75107.0,70938.0,84767.0
Hatay,2019,157419.0,84768.0,72651.0,69641.0,87778.0
Hatay,2020,158496.0,87778.0,70718.0,65115.0,93381.0
Hatay,2021,174680.0,93380.0,81300.0,79516.0,95164.0
Isparta,2011,28109.0,7321.0,20788.0,19935.0,8174.0
Isparta,2012,29402.0,8174.0,21228.0,20117.0,9285.0
Isparta,2013,30316.0,9291.0,21025.0,20453.0,9863.0
Isparta,2014,31643.0,9863.0,21780.0,20778.0,10865.0
Isparta,2015,32707.0,10865.0,21842.0,21674.0,11033.0
Isparta,2016,34887.0,11033.0,23854.0,20064.0,14823.0
Isparta,2017,42250.0,14823.0,27427.0,23853.0,18397.0
Isparta,2018,44646.0,18397.0,26249.0,27269.0,17377.0
Isparta,2019,44022.0,17377.0,26645.0,26816.0,17206.0
Isparta,2020,42039.0,17206.0,24833.0,24976.0,17063.0
Isparta,2021,43496.0,17064.0,26432.0,26905.0,16591.0
Iğdır,2011,10696.0,2330.0,8366.0,7567.0,3129.0
Iğdır,2012,11229.0,3129.0,8100.0,8350.0,2879.0
Iğdır,2013,11763.0,2879.0,8884.0,8198.0,3565.0
Iğdır,2014,12892.0,3575.0,9317.0,8328.0,4564.0
Iğdır,2015,12952.0,4564.0,8388.0,8280.0,4672.0
Iğdır,2016,13111.0,4672.0,8439.0,6607.0,6504.0
Iğdır,2017,16485.0,6504.0,9981.0,8032.0,8453.0
Iğdır,2018,17943.0,8454.0,9489.0,10038.0,7905.0
Iğdır,2019,17117.0,7905.0,9212.0,9129.0,7988.0
Iğdır,2020,17114.0,7990.0,9124.0,8196.0,8918.0
Iğdır,2021,20017.0,8918.0,11099.0,10648.0,9369.0
Kahramanmaraş,2011,49786.0,18806.0,30980.0,29140.0,20646.0
Kahramanmaraş,2012,53408.0,20646.0,32762.0,31344.0,22064.0
Kahramanmaraş,2013,56754.0,22064.0,34690.0,32834.0,23920.0
Kahramanmaraş,2014,59037.0,23925.0,35112.0,32324.0,26713.0
Kahramanmaraş,2015,64363.0,26713.0,37650.0,38687.0,25676.0
Kahramanmaraş,2016,63159.0,25677.0,37482.0,33332.0,29827.0
Kahramanmaraş,2017,76437.0,29827.0,46610.0,40099.0,36338.0
Kahramanmaraş,2018,86153.0,36338.0,49815.0,44489.0,41664.0
Kahramanmaraş,2019,87198.0,41664.0,45534.0,45919.0,41279.0
Kahramanmaraş,2020,85947.0,41280.0,44667.0,41739.0,44208.0
Kahramanmaraş,2021,94460.0,44209.0,50251.0,53210.0,41250.0
Karabük,2011,12980.0,2697.0,10283.0,9060.0,3920.0
Karabük,2012,14543.0,3920.0,10623.0,9569.0,4974.0
Karabük,2013,15911.0,4974.0,10937.0,11097.0,4814.0
Karabük,2014,17193.0,4814.0,12379.0,12727.0,4466.0
Karabük,2015,18213.0,4466.0,13747.0,13687.0,4526.0
Karabük,2016,17892.0,4526.0,13366.0,11308.0,6584.0
Karabük,2017,20625.0,6584.0,14041.0,13766.0,6859.0
Karabük,2018,20613.0,6859.0,13754.0,13820.0,6793.0
Karabük,2019,19599.0,6793.0,12806.0,12216.0,7383.0
Karabük,2020,19195.0,7383.0,11812.0,11952.0,7243.0
Karabük,2021,20808.0,7243.0,13565.0,13561.0,7247.0
Karaman,2011,15025.0,3911.0,11114.0,10858.0,4167.0
Karaman,2012,15862.0,4167.0,11695.0,11267.0,4595.0
Karaman,2013,17769.0,4595.0,13174.0,12392.0,5377.0
Karaman,2014,19645.0,5377.0,14268.0,14659.0,4986.0
Karaman,2015,17858.0,4986.0,12872.0,13063.0,4795.0
Karaman,2016,17555.0,4795.0,12760.0,10193.0,7362.0
Karaman,2017,21046.0,7362.0,13684.0,10815.0,10231.0
Karaman,2018,25055.0,10231.0,14824.0,12764.0,12291.0
Karaman,2019,26985.0,12291.0,14694.0,16443.0,10542.0
Karaman,2020,24896.0,10542.0,14354.0,14336.0,10560.0
Karaman,2021,25707.0,10560.0,15147.0,16032.0,9675.0
Kars,2011,14862.0,3992.0,10870.0,11787.0,3075.0
Kars,2012,13944.0,3075.0,10869.0,10411.0,3533.0
Kars,2013,14288.0,3533.0,10755.0,10055.0,4233.0
Kars,2014,15317.0,4268.0,11049.0,10731.0,4586.0
Kars,2015,14846.0,4586.0,10260.0,10267.0,4579.0
Kars,2016,14318.0,4579.0,9739.0,7745.0,6573.0
Kars,2017,19962.0,6573.0,13389.0,11592.0,8370.0
Kars,2018,22454.0,8370.0,14084.0,14539.0,7915.0
Kars,2019,21271.0,7915.0,13356.0,14712.0,6559.0
Kars,2020,18691.0,6559.0,12132.0,10942.0,7749.0
Kars,2021,21018.0,7749.0,13269.0,14217.0,6801.0
Kastamonu,2011,18439.0,5163.0,13276.0,14059.0,4380.0
Kastamonu,2012,17408.0,4318.0,13090.0,12694.0,4714.0
Kastamonu,2013,18488.0,4710.0,13778.0,12700.0,5788.0
Kastamonu,2014,19984.0,5788.0,14196.0,13934.0,6050.0
Kastamonu,2015,20985.0,6054.0,14931.0,14543.0,6442.0
Kastamonu,2016,22775.0,6438.0,16337.0,12993.0,9782.0
Kastamonu,2017,25340.0,9782.0,15558.0,14277.0,11063.0
Kastamonu,2018,29560.0,11063.0,18497.0,18225.0,11335.0
Kastamonu,2019,28237.0,11335.0,16902.0,17881.0,10356.0
Kastamonu,2020,27044.0,10356.0,16688.0,15614.0,11430.0
Kastamonu,2021,30401.0,11430.0,18971.0,18725.0,11676.0
Kayseri,2011,78362.0,30417.0,47945.0,44583.0,33779.0
Kayseri,2012,85880.0,33779.0,52101.0,47718.0,38162.0
Kayseri,2013,92203.0,38164.0,54039.0,54969.0,37234.0
Kayseri,2014,94949.0,37234.0,57715.0,55930.0,39019.0
Kayseri,2015,101108.0,39020.0,62088.0,61552.0,39556.0
Kayseri,2016,106448.0,39556.0,66892.0,58834.0,47614.0
Kayseri,2017,121518.0,47614.0,73904.0,64008.0,57510.0
Kayseri,2018,135364.0,57510.0,77854.0,69559.0,65805.0
Kayseri,2019,141109.0,65805.0,75304.0,70603.0,70506.0
Kayseri,2020,139676.0,70506.0,69170.0,59869.0,79807.0
Kayseri,2021,166472.0,79807.0,86665.0,79031.0,87441.0
Kilis,2011,6992.0,2191.0,4801.0,4609.0,2383.0
Kilis,2012,9401.0,2383.0,7018.0,5493.0,3908.0
Kilis,2013,13198.0,3908.0,9290.0,8642.0,4556.0
Kilis,2014,14953.0,4556.0,10397.0,8968.0,5985.0
Kilis,2015,16377.0,5985.0,10392.0,9274.0,7103.0
Kilis,2016,15025.0,7103.0,7922.0,6681.0,8344.0
Kilis,2017,16839.0,8344.0,8495.0,6729.0,10110.0
Kilis,2018,18241.0,10110.0,8131.0,7789.0,10452.0
Kilis,2019,18411.0,10452.0,7959.0,8516.0,9895.0
Kilis,2020,18356.0,9895.0,8461.0,8842.0,9514.0
Kilis,2021,20560.0,9514.0,11046.0,9915.0,10645.0
Kocaeli,2011,123117.0,57380.0,65737.0,58753.0,64364.0
Kocaeli,2012,130638.0,64364.0,66274.0,56787.0,73851.0
Kocaeli,2013,140462.0,73851.0,66611.0,59812.0,80650.0
Kocaeli,2014,149250.0,80650.0,68600.0,62862.0,86388.0
Kocaeli,2015,154391.0,86388.0,68003.0,68752.0,85639.0
Kocaeli,2016,153412.0,85639.0,67773.0,57895.0,95517.0
Kocaeli,2017,175942.0,95516.0,80426.0,69449.0,106493.0
Kocaeli,2018,194426.0,106493.0,87933.0,80441.0,113985.0
Kocaeli,2019,198489.0,113986.0,84503.0,90971.0,107518.0
Kocaeli,2020,184041.0,107517.0,76524.0,76544.0,107497.0
Kocaeli,2021,194126.0,107497.0,86629.0,89200.0,104926.0
Konya,2011,120422.0,31986.0,88436.0,78840.0,41582.0
Konya,2012,134654.0,41584.0,93070.0,81741.0,52913.0
Konya,2013,147928.0,52913.0,95015.0,89567.0,58361.0
Konya,2014,155570.0,58361.0,97209.0,88112.0,67458.0
Konya,2015,170446.0,67458.0,102988.0,96113.0,74333.0
Konya,2016,174956.0,74334.0,100622.0,85379.0,89577.0
Konya,2017,200174.0,89577.0,110597.0,99492.0,100682.0
Konya,2018,214114.0,100682.0,113432.0,103046.0,111068.0
Konya,2019,219862.0,111068.0,108794.0,107723.0,112139.0
Konya,2020,215126.0,112139.0,102987.0,100454.0,114672.0
Konya,2021,233131.0,114670.0,118461.0,116530.0,116601.0
Kütahya,2011,28349.0,7481.0,20868.0,20063.0,8286.0
Kütahya,2012,28931.0,8287.0,20644.0,20361.0,8570.0
Kütahya,2013,29486.0,8570.0,20916.0,20104.0,9382.0
Kütahya,2014,31177.0,9382.0,21795.0,21289.0,9888.0
Kütahya,2015,32467.0,9888.0,22579.0,22704.0,9763.0
Kütahya,2016,33258.0,9763.0,23495.0,18818.0,14440.0
Kütahya,2017,39476.0,14440.0,25036.0,19314.0,20162.0
Kütahya,2018,45825.0,20162.0,25663.0,25748.0,20077.0
Kütahya,2019,45623.0,20077.0,25546.0,27714.0,17909.0
Kütahya,2020,42047.0,17909.0,24138.0,24268.0,17779.0
Kütahya,2021,43732.0,17779.0,25953.0,24659.0,19073.0
Kırklareli,2011,21058.0,6830.0,14228.0,14500.0,6558.0
Kırklareli,2012,21997.0,6558.0,15439.0,14453.0,7544.0
Kırklareli,2013,23594.0,7544.0,16050.0,15981.0,7613.0
Kırklareli,2014,23833.0,7613.0,16220.0,16253.0,7580.0
Kırklareli,2015,23504.0,7580.0,15924.0,16278.0,7226.0
Kırklareli,2016,23303.0,7226.0,16077.0,12432.0,10871.0
Kırklareli,2017,29393.0,10871.0,18522.0,16079.0,13314.0
Kırklareli,2018,32142.0,13314.0,18828.0,19124.0,13018.0
Kırklareli,2019,31793.0,13018.0,18775.0,20013.0,11780.0
Kırklareli,2020,28844.0,11780.0,17064.0,16112.0,12732.0
Kırklareli,2021,31716.0,12732.0,18984.0,18939.0,12777.0
Kırıkkale,2011,18833.0,5679.0,13154.0,12879.0,5954.0
Kırıkkale,2012,18112.0,5954.0,12158.0,11531.0,6581.0
Kırıkkale,2013,19292.0,6581.0,12711.0,12866.0,6426.0
Kırıkkale,2014,19321.0,6426.0,12895.0,12542.0,6779.0
Kırıkkale,2015,20279.0,6779.0,13500.0,13252.0,7027.0
Kırıkkale,2016,20801.0,7027.0,13774.0,12540.0,8261.0
Kırıkkale,2017,24297.0,8261.0,16036.0,14629.0,9668.0
Kırıkkale,2018,25637.0,9668.0,15969.0,15984.0,9653.0
Kırıkkale,2019,24549.0,9654.0,14895.0,14286.0,10263.0
Kırıkkale,2020,23803.0,10263.0,13540.0,12532.0,11271.0
Kırıkkale,2021,26882.0,11272.0,15610.0,14261.0,12621.0
Kırşehir,2011,11757.0,3749.0,8008.0,7426.0,4331.0
Kırşehir,2012,12445.0,4188.0,8257.0,8470.0,3975.0
Kırşehir,2013,12818.0,3975.0,8843.0,8651.0,4167.0
Kırşehir,2014,13327.0,4167.0,9160.0,9229.0,4098.0
Kırşehir,2015,13514.0,4098.0,9416.0,9663.0,3851.0
Kırşehir,2016,14200.0,3851.0,10349.0,8537.0,5663.0
Kırşehir,2017,16940.0,5663.0,11277.0,11118.0,5822.0
Kırşehir,2018,17166.0,5822.0,11344.0,11561.0,5605.0
Kırşehir,2019,17150.0,5605.0,11545.0,12347.0,4803.0
Kırşehir,2020,15388.0,4804.0,10584.0,9153.0,6235.0
Kırşehir,2021,17823.0,6234.0,11589.0,10981.0,6842.0
Malatya,2011,43786.0,13912.0,29874.0,28166.0,15620.0
Malatya,2012,46477.0,15620.0,30857.0,28174.0,18303.0
Malatya,2013,47420.0,18303.0,29117.0,30406.0,17014.0
Malatya,2014,48497.0,18634.0,29863.0,30509.0,17988.0
Malatya,2015,51306.0,17988.0,33318.0,30419.0,20887.0
Malatya,2016,53225.0,20887.0,32338.0,30668.0,22557.0
Malatya,2017,59105.0,22557.0,36548.0,32998.0,26107.0
Malatya,2018,63535.0,26107.0,37428.0,36062.0,27473.0
Malatya,2019,64035.0,27473.0,36562.0,35934.0,28101.0
Malatya,2020,64356.0,28101.0,36255.0,38795.0,25561.0
Malatya,2021,66264.0,25561.0,40703.0,38990.0,27274.0
Manisa,2011,101563.0,43435.0,58128.0,55392.0,46171.0
Manisa,2012,108296.0,46171.0,62125.0,56167.0,52129.0
Manisa,2013,114331.0,52129.0,62202.0,60405.0,53926.0
Manisa,2014,115524.0,53931.0,61593.0,60969.0,54555.0
Manisa,2015,115989.0,54554.0,61435.0,61391.0,54598.0
Manisa,2016,117655.0,54598.0,63057.0,56003.0,61652.0
Manisa,2017,133442.0,61652.0,71790.0,63822.0,69620.0
Manisa,2018,145556.0,69620.0,75936.0,73597.0,71959.0
Manisa,2019,142702.0,71958.0,70744.0,76811.0,65891.0
Manisa,2020,130668.0,65891.0,64777.0,61151.0,69517.0
Manisa,2021,145620.0,69517.0,76103.0,75321.0,70299.0
Mardin,2011,30844.0,10055.0,20789.0,20347.0,10497.0
Mardin,2012,31790.0,10497.0,21293.0,22436.0,9354.0
Mardin,2013,30734.0,9354.0,21380.0,19654.0,11080.0
Mardin,2014,34183.0,11080.0,23103.0,19526.0,14657.0
Mardin,2015,38477.0,14657.0,23820.0,21586.0,16891.0
Mardin,2016,43140.0,16891.0,26249.0,21337.0,21803.0
Mardin,2017,55241.0,21803.0,33438.0,30482.0,24759.0
Mardin,2018,64708.0,24759.0,39949.0,38189.0,26519.0
Mardin,2019,60854.0,26519.0,34335.0,36289.0,24565.0
Mardin,2020,55788.0,24563.0,31225.0,28023.0,27765.0
Mardin,2021,63275.0,27764.0,35511.0,35478.0,27797.0
Mersin,2011,150456.0,66028.0,84428.0,74759.0,75697.0
Mersin,2012,163318.0,75697.0,87621.0,77893.0,85425.0
Mersin,2013,180898.0,85425.0,95473.0,89130.0,91768.0
Mersin,2014,181235.0,91768.0,89467.0,84575.0,96660.0
Mersin,2015,191698.0,96660.0,95038.0,87490.0,104208.0
Mersin,2016,202522.0,104208.0,98314.0,78709.0,123813.0
Mersin,2017,233871.0,123814.0,110057.0,96997.0,136874.0
Mersin,2018,246467.0,136875.0,109592.0,102996.0,143471.0
Mersin,2019,252490.0,143471.0,109019.0,111484.0,141006.0
Mersin,2020,244320.0,141008.0,103312.0,91471.0,152849.0
Mersin,2021,278329.0,152848.0,125481.0,116787.0,161542.0
Muğla,2011,80241.0,29464.0,50777.0,47932.0,32309.0
Muğla,2012,86313.0,32309.0,54004.0,48432.0,37881.0
Muğla,2013,97030.0,37881.0,59149.0,54916.0,42114.0
Muğla,2014,101001.0,42116.0,58885.0,54764.0,46237.0
Muğla,2015,104377.0,46237.0,58140.0,57924.0,46453.0
Muğla,2016,109486.0,46453.0,63033.0,60653.0,48833.0
Muğla,2017,118271.0,48833.0,69438.0,61632.0,56639.0
Muğla,2018,128080.0,56640.0,71440.0,65595.0,62485.0
Muğla,2019,138881.0,62485.0,76396.0,78636.0,60245.0
Muğla,2020,128231.0,60246.0,67985.0,64451.0,63780.0
Muğla,2021,146909.0,63779.0,83130.0,78778.0,68131.0
Muş,2011,12288.0,3158.0,9130.0,8707.0,3581.0
Muş,2012,12052.0,3581.0,8471.0,7719.0,4333.0
Muş,2013,14176.0,4333.0,9843.0,9134.0,5042.0
Muş,2014,14954.0,5042.0,9912.0,8344.0,6610.0
Muş,2015,16623.0,6610.0,10013.0,9308.0,7315.0
Muş,2016,17434.0,7315.0,10119.0,6906.0,10528.0
Muş,2017,22727.0,10528.0,12199.0,10771.0,11956.0
Muş,2018,24138.0,11957.0,12181.0,11393.0,12745.0
Muş,2019,27681.0,12745.0,14936.0,14516.0,13165.0
Muş,2020,25840.0,13165.0,12675.0,13282.0,12558.0
Muş,2021,25919.0,12558.0,13361.0,14468.0,11451.0
Nevşehir,2011,18077.0,5126.0,12951.0,12127.0,5950.0
Nevşehir,2012,20661.0,5950.0,14711.0,14323.0,6338.0
Nevşehir,2013,20245.0,6338.0,13907.0,13383.0,6862.0
Nevşehir,2014,21017.0,6863.0,14154.0,13918.0,7099.0
Nevşehir,2015,21392.0,7099.0,14293.0,14090.0,7302.0
Nevşehir,2016,23073.0,7302.0,15771.0,13322.0,9751.0
Nevşehir,2017,27417.0,9751.0,17666.0,15777.0,11640.0
Nevşehir,2018,30772.0,11641.0,19131.0,17186.0,13586.0
Nevşehir,2019,32243.0,13586.0,18657.0,20882.0,11361.0
Nevşehir,2020,28802.0,11361.0,17441.0,17428.0,11374.0
Nevşehir,2021,29757.0,11373.0,18384.0,18277.0,11480.0
Niğde,2011,18660.0,4857.0,13803.0,12608.0,6052.0
Niğde,2012,20523.0,6051.0,14472.0,14553.0,5970.0
Niğde,2013,20428.0,5970.0,14458.0,14558.0,5870.0
Niğde,2014,20127.0,5870.0,14257.0,14224.0,5903.0
Niğde,2015,20845.0,5903.0,14942.0,14645.0,6200.0
Niğde,2016,22981.0,6200.0,16781.0,12767.0,10214.0
Niğde,2017,31842.0,10214.0,21628.0,19522.0,12320.0
Niğde,2018,31284.0,12320.0,18964.0,20023.0,11261.0
Niğde,2019,28985.0,11261.0,17724.0,17522.0,11463.0
Niğde,2020,31696.0,11463.0,20233.0,17963.0,13733.0
Niğde,2021,33376.0,13733.0,19643.0,20182.0,13194.0
Ordu,2011,38486.0,9039.0,29447.0,29362.0,9124.0
Ordu,2012,38992.0,9124.0,29868.0,29066.0,9926.0
Ordu,2013,40356.0,9927.0,30429.0,30092.0,10264.0
Ordu,2014,39849.0,10264.0,29585.0,29202.0,10647.0
Ordu,2015,39781.0,10647.0,29134.0,28158.0,11623.0
Ordu,2016,42723.0,11623.0,31100.0,24883.0,17840.0
Ordu,2017,51594.0,17840.0,33754.0,32285.0,19309.0
Ordu,2018,53541.0,19309.0,34232.0,36614.0,16927.0
Ordu,2019,50906.0,16927.0,33979.0,34080.0,16826.0
Ordu,2020,50148.0,16826.0,33322.0,32231.0,17917.0
Ordu,2021,53500.0,17916.0,35584.0,34654.0,18846.0
Osmaniye,2011,28209.0,9458.0,18751.0,18725.0,9484.0
Osmaniye,2012,30692.0,9484.0,21208.0,19635.0,11057.0
Osmaniye,2013,34450.0,11057.0,23393.0,24020.0,10430.0
Osmaniye,2014,34333.0,10430.0,23903.0,22372.0,11961.0
Osmaniye,2015,35397.0,11961.0,23436.0,25310.0,10087.0
Osmaniye,2016,35169.0,10087.0,25082.0,21122.0,14047.0
Osmaniye,2017,40966.0,14047.0,26919.0,22811.0,18155.0
Osmaniye,2018,46277.0,18156.0,28121.0,24599.0,21678.0
Osmaniye,2019,51021.0,21677.0,29344.0,28646.0,22375.0
Osmaniye,2020,51817.0,22375.0,29442.0,26625.0,25192.0
Osmaniye,2021,61150.0,25192.0,35958.0,37289.0,23861.0
Rize,2011,18663.0,6115.0,12548.0,13453.0,5210.0
Rize,2012,16999.0,5210.0,11789.0,12079.0,4920.0
Rize,2013,16879.0,4920.0,11959.0,11695.0,5184.0
Rize,2014,18296.0,5185.0,13111.0,12546.0,5750.0
Rize,2015,18249.0,5750.0,12499.0,12616.0,5633.0
Rize,2016,18664.0,5633.0,13031.0,11329.0,7335.0
Rize,2017,21662.0,7335.0,14327.0,13546.0,8116.0
Rize,2018,23811.0,8117.0,15694.0,13744.0,10067.0
Rize,2019,25565.0,10067.0,15498.0,15649.0,9916.0
Rize,2020,23988.0,9916.0,14072.0,13354.0,10634.0
Rize,2021,26341.0,10634.0,15707.0,15682.0,10659.0
Sakarya,2011,51848.0,15313.0,36535.0,32687.0,19161.0
Sakarya,2012,58278.0,19162.0,39116.0,35173.0,23105.0
Sakarya,2013,63825.0,23105.0,40720.0,39241.0,24584.0
Sakarya,2014,67222.0,24584.0,42638.0,40066.0,27156.0
Sakarya,2015,72524.0,27156.0,45368.0,43429.0,29095.0
Sakarya,2016,77179.0,29095.0,48084.0,41692.0,35487.0
Sakarya,2017,89053.0,35487.0,53566.0,47920.0,41133.0
Sakarya,2018,99171.0,41133.0,58038.0,55325.0,43846.0
Sakarya,2019,98349.0,43846.0,54503.0,56733.0,41616.0
Sakarya,2020,88860.0,41616.0,47244.0,46172.0,42688.0
Sakarya,2021,94669.0,42687.0,51982.0,48369.0,46300.0
Samsun,2011,84218.0,32817.0,51401.0,49377.0,34841.0
Samsun,2012,87925.0,34841.0,53084.0,48340.0,39585.0
Samsun,2013,90421.0,39588.0,50833.0,50847.0,39574.0
Samsun,2014,91499.0,39711.0,51788.0,50674.0,40825.0
Samsun,2015,98321.0,40825.0,57496.0,57536.0,40785.0
Samsun,2016,101246.0,40786.0,60460.0,52130.0,49116.0
Samsun,2017,118065.0,49116.0,68949.0,61534.0,56531.0
Samsun,2018,127216.0,56531.0,70685.0,66249.0,60967.0
Samsun,2019,130238.0,60967.0,69271.0,72241.0,57997.0
Samsun,2020,121046.0,57997.0,63049.0,64198.0,56848.0
Samsun,2021,130696.0,56847.0,73849.0,77505.0,53191.0
Siirt,2011,12122.0,3986.0,8136.0,7394.0,4728.0
Siirt,2012,12853.0,4728.0,8125.0,7893.0,4960.0
Siirt,2013,13385.0,4960.0,8425.0,8098.0,5287.0
Siirt,2014,15627.0,5287.0,10340.0,8613.0,7014.0
Siirt,2015,16645.0,7014.0,9631.0,8462.0,8183.0
Siirt,2016,17297.0,8183.0,9114.0,6945.0,10352.0
Siirt,2017,24044.0,10352.0,13692.0,10755.0,13289.0
Siirt,2018,26118.0,13289.0,12829.0,14142.0,11976.0
Siirt,2019,24955.0,11976.0,12979.0,13930.0,11025.0
Siirt,2020,22710.0,11026.0,11684.0,10263.0,12447.0
Siirt,2021,27970.0,12447.0,15523.0,16202.0,11768.0
Sinop,2011,10444.0,1787.0,8657.0,8372.0,2072.0
Sinop,2012,11611.0,2134.0,9477.0,9502.0,2109.0
Sinop,2013,11351.0,2109.0,9242.0,9320.0,2031.0
Sinop,2014,11109.0,2031.0,9078.0,9014.0,2095.0
Sinop,2015,11576.0,2095.0,9481.0,9286.0,2290.0
Sinop,2016,12737.0,2290.0,10447.0,9293.0,3444.0
Sinop,2017,13869.0,3444.0,10425.0,9379.0,4490.0
Sinop,2018,14676.0,4490.0,10186.0,10254.0,4422.0
Sinop,2019,14550.0,4422.0,10128.0,10020.0,4530.0
Sinop,2020,13874.0,4530.0,9344.0,8790.0,5084.0
Sinop,2021,15725.0,5084.0,10641.0,9895.0,5830.0
Sivas,2011,40575.0,13962.0,26613.0,27929.0,12646.0
Sivas,2012,37819.0,12646.0,25173.0,24961.0,12858.0
Sivas,2013,38358.0,12858.0,25500.0,26450.0,11908.0
Sivas,2014,37309.0,11909.0,25400.0,25045.0,12264.0
Sivas,2015,36804.0,12264.0,24540.0,25002.0,11802.0
Sivas,2016,36768.0,11802.0,24966.0,22233.0,14535.0
Sivas,2017,44134.0,14535.0,29599.0,28424.0,15710.0
Sivas,2018,46035.0,15710.0,30325.0,30706.0,15329.0
Sivas,2019,43949.0,15328.0,28621.0,28965.0,14984.0
Sivas,2020,41860.0,14984.0,26876.0,25599.0,16261.0
Sivas,2021,47202.0,16259.0,30943.0,30289.0,16913.0
Tekirdağ,2011,58755.0,21173.0,37582.0,35329.0,23426.0
Tekirdağ,2012,64769.0,23426.0,41343.0,36401.0,28368.0
Tekirdağ,2013,70722.0,28370.0,42352.0,40679.0,30043.0
Tekirdağ,2014,75099.0,30042.0,45057.0,42028.0,33071.0
Tekirdağ,2015,79826.0,33071.0,46755.0,45723.0,34103.0
Tekirdağ,2016,81916.0,34103.0,47813.0,40339.0,41577.0
Tekirdağ,2017,99850.0,41577.0,58273.0,44496.0,55354.0
Tekirdağ,2018,119112.0,55354.0,63758.0,56669.0,62443.0
Tekirdağ,2019,129296.0,62444.0,66852.0,71356.0,57940.0
Tekirdağ,2020,115139.0,57940.0,57199.0,55696.0,59443.0
Tekirdağ,2021,127163.0,59444.0,67719.0,62603.0,64560.0
Tokat,2011,28087.0,7175.0,20912.0,20761.0,7326.0
Tokat,2012,28451.0,7326.0,21125.0,20695.0,7756.0
Tokat,2013,29361.0,7756.0,21605.0,21404.0,7957.0
Tokat,2014,32148.0,7957.0,24191.0,21648.0,10500.0
Tokat,2015,34211.0,10500.0,23711.0,24505.0,9706.0
Tokat,2016,33833.0,9706.0,24127.0,17885.0,15948.0
Tokat,2017,45009.0,15948.0,29061.0,26301.0,18708.0
Tokat,2018,48520.0,18710.0,29810.0,27541.0,20979.0
Tokat,2019,49150.0,20979.0,28171.0,30919.0,18231.0
Tokat,2020,43127.0,18231.0,24896.0,25439.0,17688.0
Tokat,2021,44244.0,17688.0,26556.0,29191.0,15053.0
Trabzon,2011,39338.0,13890.0,25448.0,26124.0,13214.0
Trabzon,2012,39614.0,13214.0,26400.0,24937.0,14677.0
Trabzon,2013,39660.0,14676.0,24984.0,24255.0,15405.0
Trabzon,2014,40478.0,15405.0,25073.0,24158.0,16320.0
Trabzon,2015,42600.0,16320.0,26280.0,26633.0,15967.0
Trabzon,2016,44801.0,15967.0,28834.0,25558.0,19243.0
Trabzon,2017,49266.0,19243.0,30023.0,28180.0,21086.0
Trabzon,2018,55084.0,21087.0,33997.0,33769.0,21315.0
Trabzon,2019,52131.0,21316.0,30815.0,31945.0,20186.0
Trabzon,2020,48505.0,20186.0,28319.0,27750.0,20755.0
Trabzon,2021,53259.0,20755.0,32504.0,31652.0,21607.0
Tunceli,2011,5775.0,1614.0,4161.0,4205.0,1570.0
Tunceli,2012,5331.0,1570.0,3761.0,3646.0,1685.0
Tunceli,2013,5279.0,1685.0,3594.0,3656.0,1623.0
Tunceli,2014,7014.0,1645.0,5369.0,4114.0,2900.0
Tunceli,2015,7184.0,2900.0,4284.0,3859.0,3325.0
Tunceli,2016,7945.0,3325.0,4620.0,3345.0,4600.0
Tunceli,2017,11284.0,4600.0,6684.0,5486.0,5798.0
Tunceli,2018,12386.0,5798.0,6588.0,6229.0,6157.0
Tunceli,2019,12154.0,6157.0,5997.0,6355.0,5799.0
Tunceli,2020,11628.0,5799.0,5829.0,5492.0,6136.0
Tunceli,2021,12831.0,6136.0,6695.0,7190.0,5641.0
Uşak,2011,26033.0,8320.0,17713.0,16785.0,9248.0
Uşak,2012,26960.0,9248.0,17712.0,16503.0,10457.0
Uşak,2013,28135.0,10457.0,17678.0,16525.0,11610.0
Uşak,2014,28847.0,11610.0,17237.0,16686.0,12161.0
Uşak,2015,30056.0,12161.0,17895.0,18418.0,11638.0
Uşak,2016,29317.0,11638.0,17679.0,16377.0,12940.0
Uşak,2017,31883.0,12940.0,18943.0,16767.0,15116.0
Uşak,2018,35617.0,15116.0,20501.0,17881.0,17736.0
Uşak,2019,39438.0,17736.0,21702.0,22042.0,17396.0
Uşak,2020,40109.0,17396.0,22713.0,22720.0,17389.0
Uşak,2021,41381.0,17389.0,23992.0,24024.0,17357.0
Van,2011,36682.0,13699.0,22983.0,17827.0,18855.0
Van,2012,41069.0,18856.0,22213.0,20636.0,20433.0
Van,2013,46297.0,20435.0,25862.0,23857.0,22440.0
Van,2014,54735.0,26914.0,27821.0,27570.0,27165.0
Van,2015,55681.0,27165.0,28516.0,26566.0,29115.0
Van,2016,57717.0,29114.0,28603.0,20366.0,37351.0
Van,2017,76145.0,37351.0,38794.0,36949.0,39196.0
Van,2018,79903.0,39196.0,40707.0,36796.0,43107.0
Van,2019,83204.0,43107.0,40097.0,41937.0,41267.0
Van,2020,75523.0,41267.0,34256.0,34670.0,40853.0
Van,2021,78934.0,40852.0,38082.0,37241.0,41693.0
Yalova,2011,13372.0,4851.0,8521.0,8096.0,5276.0
Yalova,2012,14972.0,5276.0,9696.0,9013.0,5959.0
Yalova,2013,17059.0,5959.0,11100.0,9986.0,7073.0
Yalova,2014,18191.0,7073.0,11118.0,11491.0,6700.0
Yalova,2015,17874.0,6700.0,11174.0,10380.0,7494.0
Yalova,2016,18521.0,7494.0,11027.0,9196.0,9325.0
Yalova,2017,23188.0,9325.0,13863.0,11646.0,11542.0
Yalova,2018,27016.0,11542.0,15474.0,14861.0,12155.0
Yalova,2019,29691.0,12155.0,17536.0,18125.0,11566.0
Yalova,2020,27385.0,11566.0,15819.0,15827.0,11558.0
Yalova,2021,32364.0,11557.0,20807.0,19333.0,13031.0
Yozgat,2011,19807.0,4965.0,14842.0,14727.0,5080.0
Yozgat,2012,21434.0,5223.0,16211.0,15807.0,5627.0
Yozgat,2013,21239.0,5627.0,15612.0,15563.0,5676.0
Yozgat,2014,21841.0,5676.0,16165.0,15707.0,6134.0
Yozgat,2015,22398.0,6134.0,16264.0,15978.0,6420.0
Yozgat,2016,24787.0,6420.0,18367.0,13538.0,11249.0
Yozgat,2017,31669.0,11249.0,20420.0,20184.0,11485.0
Yozgat,2018,30849.0,11486.0,19363.0,20553.0,10296.0
Yozgat,2019,29349.0,10295.0,19054.0,17943.0,11406.0
Yozgat,2020,27200.0,11406.0,15794.0,15078.0,12122.0
Yozgat,2021,30527.0,12121.0,18406.0,17700.0,12827.0
Zonguldak,2011,32965.0,7579.0,25386.0,25648.0,7317.0
Zonguldak,2012,32190.0,7317.0,24873.0,24738.0,7452.0
Zonguldak,2013,33334.0,7452.0,25882.0,25083.0,8251.0
Zonguldak,2014,33212.0,8251.0,24961.0,24629.0,8583.0
Zonguldak,2015,33657.0,8583.0,25074.0,23061.0,10596.0
Zonguldak,2016,36869.0,10596.0,26273.0,22340.0,14529.0
Zonguldak,2017,43471.0,14529.0,28942.0,25462.0,18009.0
Zonguldak,2018,49617.0,18010.0,31607.0,32828.0,16789.0
Zonguldak,2019,47317.0,16789.0,30528.0,31440.0,15877.0
Zonguldak,2020,41253.0,15877.0,25376.0,25358.0,15895.0
Zonguldak,2021,43149.0,15895.0,27254.0,26262.0,16887.0
Çanakkale,2011,32534.0,10537.0,21997.0,20646.0,11888.0
Çanakkale,2012,36054.0,11888.0,24166.0,23495.0,12559.0
Çanakkale,2013,36865.0,12559.0,24306.0,22784.0,14081.0
Çanakkale,2014,39206.0,14081.0,25125.0,23557.0,15649.0
Çanakkale,2015,41257.0,15649.0,25608.0,25196.0,16061.0
Çanakkale,2016,41739.0,16061.0,25678.0,22742.0,18997.0
Çanakkale,2017,48680.0,18997.0,29683.0,25947.0,22733.0
Çanakkale,2018,53117.0,22733.0,30384.0,29513.0,23604.0
Çanakkale,2019,56031.0,23604.0,32427.0,32257.0,23774.0
Çanakkale,2020,52482.0,23774.0,28708.0,26772.0,25710.0
Çanakkale,2021,59157.0,25710.0,33447.0,33954.0,25203.0
Çankırı,2011,10339.0,2798.0,7541.0,7495.0,2844.0
Çankırı,2012,10129.0,2844.0,7285.0,7310.0,2819.0
Çankırı,2013,10074.0,2819.0,7255.0,7246.0,2828.0
Çankırı,2014,10108.0,2828.0,7280.0,7128.0,2980.0
Çankırı,2015,9985.0,2980.0,7005.0,6794.0,3191.0
Çankırı,2016,12031.0,3191.0,8840.0,7660.0,4371.0
Çankırı,2017,13112.0,4371.0,8741.0,7664.0,5448.0
Çankırı,2018,13961.0,5448.0,8513.0,8742.0,5219.0
Çankırı,2019,14235.0,5219.0,9016.0,8945.0,5290.0
Çankırı,2020,13741.0,5290.0,8451.0,8530.0,5211.0
Çankırı,2021,14294.0,5211.0,9083.0,9109.0,5185.0
Çorum,2011,28252.0,9234.0,19018.0,18341.0,9911.0
Çorum,2012,28295.0,9911.0,18384.0,18554.0,9741.0
Çorum,2013,29254.0,9741.0,19513.0,20022.0,9232.0
Çorum,2014,29317.0,9232.0,20085.0,20497.0,8820.0
Çorum,2015,29438.0,8820.0,20618.0,20764.0,8674.0
Çorum,2016,29487.0,8674.0,20813.0,17514.0,11973.0
Çorum,2017,35687.0,11973.0,23714.0,21027.0,14660.0
Çorum,2018,39983.0,14660.0,25323.0,24883.0,15100.0
Çorum,2019,41129.0,15101.0,26028.0,25714.0,15415.0
Çorum,2020,41330.0,15415.0,25915.0,21790.0,19540.0
Çorum,2021,47917.0,19541.0,28376.0,26336.0,21581.0
İstanbul,2011,1709431.0,1045616.0,663815.0,611733.0,1097698.0
İstanbul,2012,1746437.0,1097667.0,648770.0,578135.0,1168302.0
İstanbul,2013,1818783.0,1168307.0,650476.0,594803.0,1223980.0
İstanbul,2014,1877707.0,1226072.0,651635.0,661539.0,1216168.0
İstanbul,2015,1858130.0,1216169.0,641961.0,647173.0,1210957.0
İstanbul,2016,1848675.0,1210957.0,637718.0,587688.0,1260987.0
İstanbul,2017,2014392.0,1260971.0,753421.0,633517.0,1380875.0
İstanbul,2018,2191510.0,1380881.0,810629.0,748747.0,1442763.0
İstanbul,2019,2243323.0,1442784.0,800539.0,784618.0,1458705.0
İstanbul,2020,2197808.0,1458710.0,739098.0,661068.0,1536740.0
İstanbul,2021,2378387.0,1536743.0,841644.0,836525.0,1541862.0
İzmir,2011,415053.0,228594.0,186459.0,187576.0,227477.0
İzmir,2012,425927.0,227514.0,198413.0,182376.0,243551.0
İzmir,2013,445404.0,243551.0,201853.0,208908.0,236496.0
İzmir,2014,435465.0,237122.0,198343.0,203546.0,231919.0
İzmir,2015,435150.0,231919.0,203231.0,204823.0,230327.0
İzmir,2016,439205.0,230328.0,208877.0,193481.0,245724.0
İzmir,2017,488195.0,245722.0,242473.0,210961.0,277234.0
İzmir,2018,540161.0,277240.0,262921.0,244963.0,295198.0
İzmir,2019,549943.0,295200.0,254743.0,255192.0,294751.0
İzmir,2020,543824.0,294752.0,249072.0,237411.0,306413.0
İzmir,2021,611955.0,306414.0,305541.0,289353.0,322602.0
Şanlıurfa,2011,75301.0,22363.0,52938.0,48179.0,27122.0
Şanlıurfa,2012,82350.0,27122.0,55228.0,49406.0,32944.0
Şanlıurfa,2013,89661.0,32944.0,56717.0,48822.0,40839.0
Şanlıurfa,2014,96391.0,40839.0,55552.0,51294.0,45097.0
Şanlıurfa,2015,105651.0,45097.0,60554.0,49350.0,56301.0
Şanlıurfa,2016,119507.0,56301.0,63206.0,46448.0,73059.0
Şanlıurfa,2017,146888.0,73059.0,73829.0,64818.0,82070.0
Şanlıurfa,2018,164101.0,82072.0,82029.0,76039.0,88062.0
Şanlıurfa,2019,176238.0,88061.0,88177.0,86185.0,90053.0
Şanlıurfa,2020,163495.0,90053.0,73442.0,74261.0,89234.0
Şanlıurfa,2021,190046.0,89234.0,100812.0,99166.0,90880.0
Şırnak,2011,18009.0,5212.0,12797.0,12385.0,5624.0
Şırnak,2012,18551.0,5624.0,12927.0,11891.0,6660.0
Şırnak,2013,20790.0,6660.0,14130.0,12523.0,8267.0
Şırnak,2014,25951.0,8267.0,17684.0,13064.0,12887.0
Şırnak,2015,27122.0,12887.0,14235.0,11693.0,15429.0
Şırnak,2016,37391.0,15428.0,21963.0,13819.0,23572.0
Şırnak,2017,49261.0,23572.0,25689.0,23432.0,25829.0
Şırnak,2018,51100.0,25830.0,25270.0,26876.0,24224.0
Şırnak,2019,46462.0,24224.0,22238.0,21792.0,24670.0
Şırnak,2020,44182.0,24669.0,19513.0,15887.0,28295.0
Şırnak,2021,51729.0,28294.0,23435.0,24283.0,27446.0
