tr_code,province,academic_year,upper_secondary_gross_enrollment_rate,general_secondary_gross_enrollment_rate,vocational_secondary_gross_enrollment_rate,year
TR621,Adana,2010-2011,83.89,53.56,30.32,2011
TR621,Adana,2011-2012,88.57,55.67,32.9,2012
TR621,Adana,2012-2013,91.44,57.3,34.14,2013
TR621,Adana,2013-2014,99.28,58.2,41.09,2014
TR621,Adana,2014-2015,119.1,70.04,49.06,2015
TR621,Adana,2015-2016,106.16,59.59,46.57,2016
TR621,Adana,2016-2017,104.12,59.03,45.08,2017
TR621,Adana,2017-2018,109.87,59.76,50.1,2018
TR621,Adana,2018-2019,109.94,62.99,46.95,2019
TR621,Adana,2019-2020,112.99,68.67,44.32,2020
TR621,Adana,2020-2021,126.24,77.9,48.34,2021
TR621,Adana,2021-2022,116.96,70.89,46.08,2022
TR621,Adana,2022-2023,117.05,73.42,43.64,2023
TR621,Adana,2023-2024,108.05,65.48,42.57,2024
TR621,Adana,2024-2025,98.8,63.33,35.47,2025
TRC12,Adiyaman,2010-2011,77.11,53.89,23.22,2011
TRC12,Adiyaman,2011-2012,84.26,57.53,26.73,2012
TRC12,Adiyaman,2012-2013,90.82,59.1,31.72,2013
TRC12,Adiyaman,2013-2014,104.15,59.08,45.07,2014
TRC12,Adiyaman,2014-2015,109.53,54.19,55.34,2015
TRC12,Adiyaman,2015-2016,112.68,54.47,58.21,2016
TRC12,Adiyaman,2016-2017,107.14,52.14,55.0,2017
TRC12,Adiyaman,2017-2018,116.74,60.8,55.93,2018
TRC12,Adiyaman,2018-2019,108.08,55.98,52.1,2019
TRC12,Adiyaman,2019-2020,112.32,63.35,48.97,2020
TRC12,Adiyaman,2020-2021,128.91,71.81,57.1,2021
TRC12,Adiyaman,2021-2022,117.55,63.13,54.42,2022
TRC12,Adiyaman,2022-2023,125.04,69.48,55.56,2023
TRC12,Adiyaman,2023-2024,106.93,58.06,48.87,2024
TRC12,Adiyaman,2024-2025,100.08,60.39,39.69,2025
TR332,Afyonkarahisar,2010-2011,73.97,31.47,42.5,2011
TR332,Afyonkarahisar,2011-2012,77.91,32.01,45.9,2012
TR332,Afyonkarahisar,2012-2013,79.53,31.86,47.67,2013
TR332,Afyonkarahisar,2013-2014,91.7,42.4,49.3,2014
TR332,Afyonkarahisar,2014-2015,99.75,47.72,52.04,2015
TR332,Afyonkarahisar,2015-2016,101.85,53.45,48.4,2016
TR332,Afyonkarahisar,2016-2017,100.65,52.93,47.72,2017
TR332,Afyonkarahisar,2017-2018,106.72,58.79,47.93,2018
TR332,Afyonkarahisar,2018-2019,108.11,62.53,45.57,2019
TR332,Afyonkarahisar,2019-2020,109.42,67.81,41.6,2020
TR332,Afyonkarahisar,2020-2021,120.48,77.77,42.72,2021
TR332,Afyonkarahisar,2021-2022,114.45,73.84,40.6,2022
TR332,Afyonkarahisar,2022-2023,115.42,76.14,39.28,2023
TR332,Afyonkarahisar,2023-2024,107.13,68.6,38.53,2024
TR332,Afyonkarahisar,2024-2025,99.73,53.28,46.44,2025
TRA21,Agri,2010-2011,38.8,26.11,12.69,2011
TRA21,Agri,2011-2012,43.57,28.31,15.26,2012
TRA21,Agri,2012-2013,47.64,29.23,18.41,2013
TRA21,Agri,2013-2014,60.35,33.37,26.98,2014
TRA21,Agri,2014-2015,69.72,34.83,34.89,2015
TRA21,Agri,2015-2016,68.77,37.21,31.56,2016
TRA21,Agri,2016-2017,66.19,37.16,29.03,2017
TRA21,Agri,2017-2018,115.7,52.96,62.73,2018
TRA21,Agri,2018-2019,115.24,54.95,60.29,2019
TRA21,Agri,2019-2020,118.41,64.02,54.39,2020
TRA21,Agri,2020-2021,128.92,75.38,53.54,2021
TRA21,Agri,2021-2022,118.07,69.6,48.47,2022
TRA21,Agri,2022-2023,123.18,75.26,47.92,2023
TRA21,Agri,2023-2024,112.37,66.86,45.51,2024
TRA21,Agri,2024-2025,84.87,54.25,30.61,2025
TR712,Aksaray,2010-2011,65.43,38.71,26.72,2011
TR712,Aksaray,2011-2012,70.72,41.52,29.2,2012
TR712,Aksaray,2012-2013,74.97,44.0,30.97,2013
TR712,Aksaray,2013-2014,87.55,49.33,38.22,2014
TR712,Aksaray,2014-2015,93.15,50.03,43.12,2015
TR712,Aksaray,2015-2016,99.92,56.45,43.47,2016
TR712,Aksaray,2016-2017,105.25,58.12,47.13,2017
TR712,Aksaray,2017-2018,110.08,63.84,46.24,2018
TR712,Aksaray,2018-2019,109.43,65.78,43.65,2019
TR712,Aksaray,2019-2020,110.29,71.29,39.0,2020
TR712,Aksaray,2020-2021,120.94,78.18,42.75,2021
TR712,Aksaray,2021-2022,111.11,71.69,39.42,2022
TR712,Aksaray,2022-2023,113.54,74.14,39.4,2023
TR712,Aksaray,2023-2024,102.09,64.25,37.84,2024
TR712,Aksaray,2024-2025,95.15,50.77,44.38,2025
TR834,Amasya,2010-2011,95.59,40.56,55.03,2011
TR834,Amasya,2011-2012,101.72,43.99,57.73,2012
TR834,Amasya,2012-2013,103.97,46.18,57.79,2013
TR834,Amasya,2013-2014,113.06,54.4,58.66,2014
TR834,Amasya,2014-2015,117.57,55.13,62.44,2015
TR834,Amasya,2015-2016,120.75,59.1,61.65,2016
TR834,Amasya,2016-2017,119.19,59.39,59.8,2017
TR834,Amasya,2017-2018,109.7,51.2,58.51,2018
TR834,Amasya,2018-2019,109.46,55.42,54.05,2019
TR834,Amasya,2019-2020,110.48,61.51,48.98,2020
TR834,Amasya,2020-2021,122.13,69.64,52.49,2021
TR834,Amasya,2021-2022,110.98,63.38,47.6,2022
TR834,Amasya,2022-2023,117.16,69.78,47.38,2023
TR834,Amasya,2023-2024,105.75,59.24,46.51,2024
TR834,Amasya,2024-2025,105.5,54.89,50.62,2025
TR510,Ankara,2010-2011,101.83,61.11,40.71,2011
TR510,Ankara,2011-2012,109.88,65.8,44.08,2012
TR510,Ankara,2012-2013,108.24,65.22,43.02,2013
TR510,Ankara,2013-2014,116.32,64.9,51.42,2014
TR510,Ankara,2014-2015,116.79,63.32,53.47,2015
TR510,Ankara,2015-2016,120.0,66.97,53.03,2016
TR510,Ankara,2016-2017,117.29,65.92,51.37,2017
TR510,Ankara,2017-2018,79.93,38.11,41.82,2018
TR510,Ankara,2018-2019,82.54,41.78,40.77,2019
TR510,Ankara,2019-2020,85.99,48.35,37.63,2020
TR510,Ankara,2020-2021,102.7,59.09,43.61,2021
TR510,Ankara,2021-2022,106.05,58.92,47.13,2022
TR510,Ankara,2022-2023,118.48,70.51,47.97,2023
TR510,Ankara,2023-2024,105.65,60.41,45.24,2024
TR510,Ankara,2024-2025,105.19,68.07,37.13,2025
TR611,Antalya,2010-2011,91.4,55.57,35.83,2011
TR611,Antalya,2011-2012,96.17,57.13,39.05,2012
TR611,Antalya,2012-2013,98.92,58.37,40.56,2013
TR611,Antalya,2013-2014,110.24,65.71,44.53,2014
TR611,Antalya,2014-2015,113.35,67.22,46.13,2015
TR611,Antalya,2015-2016,118.32,72.06,46.26,2016
TR611,Antalya,2016-2017,116.68,72.15,44.53,2017
TR611,Antalya,2017-2018,90.42,49.02,41.41,2018
TR611,Antalya,2018-2019,90.73,51.49,39.24,2019
TR611,Antalya,2019-2020,92.09,55.91,36.18,2020
TR611,Antalya,2020-2021,107.3,64.92,42.38,2021
TR611,Antalya,2021-2022,106.67,63.07,43.6,2022
TR611,Antalya,2022-2023,116.6,72.55,44.05,2023
TR611,Antalya,2023-2024,103.99,61.05,42.93,2024
TR611,Antalya,2024-2025,100.14,59.37,40.77,2025
TRA24,Ardahan,2010-2011,63.58,35.27,28.31,2011
TRA24,Ardahan,2011-2012,69.2,35.84,33.36,2012
TRA24,Ardahan,2012-2013,75.81,38.24,37.57,2013
TRA24,Ardahan,2013-2014,95.61,44.81,50.8,2014
TRA24,Ardahan,2014-2015,99.79,38.34,61.45,2015
TRA24,Ardahan,2015-2016,102.78,42.79,59.99,2016
TRA24,Ardahan,2016-2017,100.14,44.39,55.76,2017
TRA24,Ardahan,2017-2018,104.44,57.22,47.21,2018
TRA24,Ardahan,2018-2019,105.77,59.18,46.59,2019
TRA24,Ardahan,2019-2020,108.47,65.22,43.25,2020
TRA24,Ardahan,2020-2021,121.03,73.77,47.26,2021
TRA24,Ardahan,2021-2022,111.68,66.55,45.13,2022
TRA24,Ardahan,2022-2023,117.04,74.87,42.16,2023
TRA24,Ardahan,2023-2024,104.16,62.66,41.5,2024
TRA24,Ardahan,2024-2025,103.59,58.46,45.12,2025
TR905,Artvin,2010-2011,99.66,43.55,56.11,2011
TR905,Artvin,2011-2012,103.11,46.07,57.05,2012
TR905,Artvin,2012-2013,107.43,50.22,57.21,2013
TR905,Artvin,2013-2014,121.11,68.25,52.86,2014
TR905,Artvin,2014-2015,121.08,64.23,56.85,2015
TR905,Artvin,2015-2016,123.07,67.56,55.52,2016
TR905,Artvin,2016-2017,121.15,68.18,52.98,2017
TR905,Artvin,2017-2018,106.18,59.53,46.65,2018
TR905,Artvin,2018-2019,107.73,62.77,44.96,2019
TR905,Artvin,2019-2020,108.4,67.7,40.7,2020
TR905,Artvin,2020-2021,120.24,79.77,40.47,2021
TR905,Artvin,2021-2022,114.74,75.52,39.22,2022
TR905,Artvin,2022-2023,114.57,76.09,38.47,2023
TR905,Artvin,2023-2024,108.34,70.4,37.94,2024
TR905,Artvin,2024-2025,99.28,57.03,42.25,2025
TR321,Aydin,2010-2011,84.92,46.12,38.8,2011
TR321,Aydin,2011-2012,89.24,47.57,41.68,2012
TR321,Aydin,2012-2013,90.64,48.54,42.1,2013
TR321,Aydin,2013-2014,100.37,56.98,43.38,2014
TR321,Aydin,2014-2015,106.32,59.46,46.86,2015
TR321,Aydin,2015-2016,108.63,65.63,43.0,2016
TR321,Aydin,2016-2017,106.63,64.13,42.51,2017
TR321,Aydin,2017-2018,118.45,57.56,60.9,2018
TR321,Aydin,2018-2019,118.77,60.42,58.34,2019
TR321,Aydin,2019-2020,121.05,65.77,55.27,2020
TR321,Aydin,2020-2021,134.7,75.63,59.07,2021
TR321,Aydin,2021-2022,123.49,70.18,53.3,2022
TR321,Aydin,2022-2023,124.11,72.55,51.56,2023
TR321,Aydin,2023-2024,113.19,63.71,49.48,2024
TR321,Aydin,2024-2025,96.52,58.06,38.46,2025
TR221,Balikesir,2010-2011,90.21,48.68,41.54,2011
TR221,Balikesir,2011-2012,92.54,48.36,44.18,2012
TR221,Balikesir,2012-2013,94.7,47.87,46.84,2013
TR221,Balikesir,2013-2014,104.16,53.82,50.34,2014
TR221,Balikesir,2014-2015,107.41,55.06,52.35,2015
TR221,Balikesir,2015-2016,111.69,60.45,51.24,2016
TR221,Balikesir,2016-2017,109.5,59.54,49.96,2017
TR221,Balikesir,2017-2018,111.7,64.68,47.02,2018
TR221,Balikesir,2018-2019,111.01,67.29,43.71,2019
TR221,Balikesir,2019-2020,112.1,73.0,39.11,2020
TR221,Balikesir,2020-2021,122.68,79.48,43.2,2021
TR221,Balikesir,2021-2022,113.57,72.39,41.18,2022
TR221,Balikesir,2022-2023,114.08,73.71,40.37,2023
TR221,Balikesir,2023-2024,105.17,65.1,40.07,2024
TR221,Balikesir,2024-2025,100.48,57.15,43.33,2025
TR813,Bartin,2010-2011,83.11,31.99,51.12,2011
TR813,Bartin,2011-2012,88.12,33.6,54.52,2012
TR813,Bartin,2012-2013,93.64,35.18,58.46,2013
TR813,Bartin,2013-2014,108.79,45.58,63.21,2014
TR813,Bartin,2014-2015,111.81,46.58,65.23,2015
TR813,Bartin,2015-2016,116.73,52.06,64.67,2016
TR813,Bartin,2016-2017,113.3,50.02,63.28,2017
TR813,Bartin,2017-2018,120.72,53.04,67.68,2018
TR813,Bartin,2018-2019,114.97,55.6,59.37,2019
TR813,Bartin,2019-2020,116.18,57.96,58.22,2020
TR813,Bartin,2020-2021,126.11,64.32,61.79,2021
TR813,Bartin,2021-2022,115.46,57.69,57.77,2022
TR813,Bartin,2022-2023,118.69,61.67,57.02,2023
TR813,Bartin,2023-2024,109.82,55.52,54.3,2024
TR813,Bartin,2024-2025,104.02,50.24,53.78,2025
TRC32,Batman,2010-2011,71.88,57.12,14.76,2011
TRC32,Batman,2011-2012,79.85,63.57,16.27,2012
TRC32,Batman,2012-2013,83.61,65.18,18.42,2013
TRC32,Batman,2013-2014,95.04,63.67,31.37,2014
TRC32,Batman,2014-2015,102.31,61.7,40.61,2015
TRC32,Batman,2015-2016,105.92,64.64,41.28,2016
TRC32,Batman,2016-2017,99.53,61.94,37.6,2017
TRC32,Batman,2017-2018,119.38,59.1,60.28,2018
TRC32,Batman,2018-2019,116.84,60.61,56.23,2019
TRC32,Batman,2019-2020,120.07,68.21,51.87,2020
TRC32,Batman,2020-2021,134.91,77.67,57.24,2021
TRC32,Batman,2021-2022,119.92,71.37,48.55,2022
TRC32,Batman,2022-2023,123.96,74.92,49.04,2023
TRC32,Batman,2023-2024,112.0,65.61,46.39,2024
TRC32,Batman,2024-2025,98.34,61.71,36.63,2025
TRA13,Bayburt,2010-2011,79.4,41.38,38.02,2011
TRA13,Bayburt,2011-2012,87.9,47.08,40.83,2012
TRA13,Bayburt,2012-2013,93.0,50.2,42.8,2013
TRA13,Bayburt,2013-2014,113.0,61.87,51.12,2014
TRA13,Bayburt,2014-2015,110.49,59.32,51.17,2015
TRA13,Bayburt,2015-2016,111.71,57.25,54.46,2016
TRA13,Bayburt,2016-2017,96.59,48.07,48.52,2017
TRA13,Bayburt,2017-2018,106.71,53.61,53.1,2018
TRA13,Bayburt,2018-2019,107.52,58.42,49.1,2019
TRA13,Bayburt,2019-2020,106.9,62.0,44.9,2020
TRA13,Bayburt,2020-2021,118.34,69.17,49.17,2021
TRA13,Bayburt,2021-2022,112.62,65.78,46.85,2022
TRA13,Bayburt,2022-2023,111.79,66.02,45.78,2023
TRA13,Bayburt,2023-2024,109.19,63.54,45.64,2024
TRA13,Bayburt,2024-2025,103.41,54.95,48.45,2025
TR413,Bilecik,2010-2011,105.65,43.64,62.01,2011
TR413,Bilecik,2011-2012,110.11,45.28,64.84,2012
TR413,Bilecik,2012-2013,109.57,46.77,62.8,2013
TR413,Bilecik,2013-2014,113.91,53.34,60.57,2014
TR413,Bilecik,2014-2015,113.28,53.44,59.84,2015
TR413,Bilecik,2015-2016,115.54,54.03,61.5,2016
TR413,Bilecik,2016-2017,119.28,54.32,64.96,2017
TR413,Bilecik,2017-2018,115.91,56.75,59.16,2018
TR413,Bilecik,2018-2019,108.12,54.8,53.32,2019
TR413,Bilecik,2019-2020,115.44,65.77,49.67,2020
TR413,Bilecik,2020-2021,129.58,74.53,55.05,2021
TR413,Bilecik,2021-2022,120.08,66.31,53.77,2022
TR413,Bilecik,2022-2023,124.89,73.73,51.15,2023
TR413,Bilecik,2023-2024,106.96,61.14,45.81,2024
TR413,Bilecik,2024-2025,102.69,50.48,52.21,2025
TRB13,Bingol,2010-2011,63.55,38.79,24.76,2011
TRB13,Bingol,2011-2012,74.92,44.9,30.02,2012
TRB13,Bingol,2012-2013,84.6,50.29,34.31,2013
TRB13,Bingol,2013-2014,100.55,56.61,43.94,2014
TRB13,Bingol,2014-2015,105.79,58.42,47.36,2015
TRB13,Bingol,2015-2016,109.17,61.69,47.48,2016
TRB13,Bingol,2016-2017,100.63,56.43,44.2,2017
TRB13,Bingol,2017-2018,111.79,59.15,52.64,2018
TRB13,Bingol,2018-2019,112.96,61.0,51.96,2019
TRB13,Bingol,2019-2020,116.92,70.59,46.34,2020
TRB13,Bingol,2020-2021,134.92,82.78,52.14,2021
TRB13,Bingol,2021-2022,120.55,73.38,47.17,2022
TRB13,Bingol,2022-2023,122.94,76.74,46.19,2023
TRB13,Bingol,2023-2024,109.84,65.75,44.09,2024
TRB13,Bingol,2024-2025,96.68,53.7,42.99,2025
TRB23,Bitlis,2010-2011,48.85,28.68,20.16,2011
TRB23,Bitlis,2011-2012,55.2,33.27,21.93,2012
TRB23,Bitlis,2012-2013,61.74,36.94,24.8,2013
TRB23,Bitlis,2013-2014,77.72,44.53,33.18,2014
TRB23,Bitlis,2014-2015,84.37,48.46,35.92,2015
TRB23,Bitlis,2015-2016,86.25,50.1,36.15,2016
TRB23,Bitlis,2016-2017,81.3,46.75,34.55,2017
TRB23,Bitlis,2017-2018,118.56,51.62,66.94,2018
TRB23,Bitlis,2018-2019,116.29,52.1,64.19,2019
TRB23,Bitlis,2019-2020,121.32,60.58,60.74,2020
TRB23,Bitlis,2020-2021,132.42,68.24,64.18,2021
TRB23,Bitlis,2021-2022,120.88,60.99,59.89,2022
TRB23,Bitlis,2022-2023,125.11,65.18,59.93,2023
TRB23,Bitlis,2023-2024,113.79,56.87,56.92,2024
TRB23,Bitlis,2024-2025,99.17,56.88,42.29,2025
TR424,Bolu,2010-2011,106.05,40.84,65.2,2011
TR424,Bolu,2011-2012,107.38,43.48,63.9,2012
TR424,Bolu,2012-2013,110.04,46.39,63.65,2013
TR424,Bolu,2013-2014,118.57,55.76,62.81,2014
TR424,Bolu,2014-2015,119.59,56.5,63.08,2015
TR424,Bolu,2015-2016,122.15,59.47,62.68,2016
TR424,Bolu,2016-2017,125.16,58.72,66.44,2017
TR424,Bolu,2017-2018,78.3,44.23,34.07,2018
TR424,Bolu,2018-2019,80.42,45.78,34.64,2019
TR424,Bolu,2019-2020,83.9,52.69,31.21,2020
TR424,Bolu,2020-2021,98.81,61.46,37.36,2021
TR424,Bolu,2021-2022,101.99,61.3,40.7,2022
TR424,Bolu,2022-2023,112.2,72.44,39.76,2023
TR424,Bolu,2023-2024,98.63,62.7,35.93,2024
TR424,Bolu,2024-2025,111.71,68.74,42.97,2025
TR613,Burdur,2010-2011,89.46,46.84,42.61,2011
TR613,Burdur,2011-2012,94.06,48.76,45.3,2012
TR613,Burdur,2012-2013,96.53,50.98,45.55,2013
TR613,Burdur,2013-2014,105.42,56.06,49.36,2014
TR613,Burdur,2014-2015,106.47,57.61,48.87,2015
TR613,Burdur,2015-2016,111.26,62.51,48.74,2016
TR613,Burdur,2016-2017,112.81,66.32,46.49,2017
TR613,Burdur,2017-2018,118.52,59.27,59.25,2018
TR613,Burdur,2018-2019,120.15,66.13,54.02,2019
TR613,Burdur,2019-2020,121.32,71.14,50.18,2020
TR613,Burdur,2020-2021,136.12,83.72,52.4,2021
TR613,Burdur,2021-2022,124.35,77.3,47.05,2022
TR613,Burdur,2022-2023,129.43,85.41,44.02,2023
TR613,Burdur,2023-2024,121.94,79.36,42.59,2024
TR613,Burdur,2024-2025,104.45,60.7,43.75,2025
TR411,Bursa,2010-2011,94.74,41.52,53.22,2011
TR411,Bursa,2011-2012,99.43,43.53,55.9,2012
TR411,Bursa,2012-2013,100.92,44.89,56.03,2013
TR411,Bursa,2013-2014,108.18,46.05,62.13,2014
TR411,Bursa,2014-2015,110.7,47.23,63.47,2015
TR411,Bursa,2015-2016,113.85,51.29,62.56,2016
TR411,Bursa,2016-2017,112.03,51.69,60.34,2017
TR411,Bursa,2017-2018,112.55,57.47,55.08,2018
TR411,Bursa,2018-2019,112.95,60.68,52.27,2019
TR411,Bursa,2019-2020,115.06,66.98,48.09,2020
TR411,Bursa,2020-2021,128.11,76.39,51.72,2021
TR411,Bursa,2021-2022,116.3,68.43,47.87,2022
TR411,Bursa,2022-2023,119.36,74.03,45.33,2023
TR411,Bursa,2023-2024,109.73,65.11,44.61,2024
TR411,Bursa,2024-2025,100.48,53.31,47.17,2025
TR222,Canakkale,2010-2011,94.65,47.5,47.14,2011
TR222,Canakkale,2011-2012,95.83,48.89,46.94,2012
TR222,Canakkale,2012-2013,99.9,52.23,47.68,2013
TR222,Canakkale,2013-2014,108.28,61.91,46.37,2014
TR222,Canakkale,2014-2015,107.98,61.16,46.82,2015
TR222,Canakkale,2015-2016,110.59,64.31,46.27,2016
TR222,Canakkale,2016-2017,107.46,63.86,43.6,2017
TR222,Canakkale,2017-2018,110.27,55.28,54.99,2018
TR222,Canakkale,2018-2019,109.23,56.65,52.57,2019
TR222,Canakkale,2019-2020,111.24,60.84,50.4,2020
TR222,Canakkale,2020-2021,123.41,67.5,55.9,2021
TR222,Canakkale,2021-2022,113.31,60.9,52.4,2022
TR222,Canakkale,2022-2023,115.88,64.59,51.28,2023
TR222,Canakkale,2023-2024,106.83,56.5,50.33,2024
TR222,Canakkale,2024-2025,98.81,60.85,37.96,2025
TR822,Cankiri,2010-2011,86.51,31.91,54.59,2011
TR822,Cankiri,2011-2012,92.37,35.03,57.35,2012
TR822,Cankiri,2012-2013,98.77,38.6,60.17,2013
TR822,Cankiri,2013-2014,98.54,45.42,53.12,2014
TR822,Cankiri,2014-2015,105.09,50.75,54.33,2015
TR822,Cankiri,2015-2016,108.35,55.71,52.64,2016
TR822,Cankiri,2016-2017,108.46,55.29,53.17,2017
TR822,Cankiri,2017-2018,113.28,53.1,60.18,2018
TR822,Cankiri,2018-2019,113.57,55.37,58.2,2019
TR822,Cankiri,2019-2020,116.2,60.8,55.4,2020
TR822,Cankiri,2020-2021,130.02,70.08,59.94,2021
TR822,Cankiri,2021-2022,120.88,66.35,54.53,2022
TR822,Cankiri,2022-2023,122.29,69.22,53.07,2023
TR822,Cankiri,2023-2024,110.09,60.58,49.52,2024
TR822,Cankiri,2024-2025,93.33,54.79,38.54,2025
TR833,Corum,2010-2011,80.6,44.96,35.64,2011
TR833,Corum,2011-2012,87.17,46.65,40.52,2012
TR833,Corum,2012-2013,90.14,48.44,41.7,2013
TR833,Corum,2013-2014,103.08,55.16,47.91,2014
TR833,Corum,2014-2015,109.46,58.91,50.55,2015
TR833,Corum,2015-2016,113.8,63.33,50.48,2016
TR833,Corum,2016-2017,112.24,63.8,48.45,2017
TR833,Corum,2017-2018,118.15,67.12,51.03,2018
TR833,Corum,2018-2019,119.98,73.22,46.76,2019
TR833,Corum,2019-2020,121.56,78.89,42.67,2020
TR833,Corum,2020-2021,135.51,91.69,43.81,2021
TR833,Corum,2021-2022,122.3,82.83,39.46,2022
TR833,Corum,2022-2023,123.13,84.2,38.93,2023
TR833,Corum,2023-2024,114.0,75.92,38.08,2024
TR833,Corum,2024-2025,108.14,65.57,42.57,2025
TR322,Denizli,2010-2011,87.22,45.13,42.08,2011
TR322,Denizli,2011-2012,95.04,46.06,48.98,2012
TR322,Denizli,2012-2013,92.76,47.7,45.06,2013
TR322,Denizli,2013-2014,101.03,53.57,47.46,2014
TR322,Denizli,2014-2015,106.37,54.51,51.86,2015
TR322,Denizli,2015-2016,108.5,57.98,50.53,2016
TR322,Denizli,2016-2017,107.68,58.17,49.5,2017
TR322,Denizli,2017-2018,118.15,67.12,51.03,2018
TR322,Denizli,2018-2019,119.98,73.22,46.76,2019
TR322,Denizli,2019-2020,121.56,78.89,42.67,2020
TR322,Denizli,2020-2021,135.51,91.69,43.81,2021
TR322,Denizli,2021-2022,122.3,82.83,39.46,2022
TR322,Denizli,2022-2023,123.13,84.2,38.93,2023
TR322,Denizli,2023-2024,114.0,75.92,38.08,2024
TR322,Denizli,2024-2025,99.09,58.34,40.76,2025
TRC22,Diyarbakir,2010-2011,64.87,49.06,15.82,2011
TRC22,Diyarbakir,2011-2012,71.24,53.85,17.4,2012
TRC22,Diyarbakir,2012-2013,76.24,55.45,20.8,2013
TRC22,Diyarbakir,2013-2014,90.1,55.22,34.88,2014
TRC22,Diyarbakir,2014-2015,94.34,49.01,45.33,2015
TRC22,Diyarbakir,2015-2016,96.13,48.89,47.24,2016
TRC22,Diyarbakir,2016-2017,92.21,47.21,45.0,2017
TRC22,Diyarbakir,2017-2018,114.24,65.16,49.08,2018
TRC22,Diyarbakir,2018-2019,114.39,67.4,46.99,2019
TRC22,Diyarbakir,2019-2020,118.91,72.98,45.93,2020
TRC22,Diyarbakir,2020-2021,132.66,79.97,52.69,2021
TRC22,Diyarbakir,2021-2022,122.2,72.95,49.25,2022
TRC22,Diyarbakir,2022-2023,127.37,80.19,47.18,2023
TRC22,Diyarbakir,2023-2024,112.67,69.03,43.64,2024
TRC22,Diyarbakir,2024-2025,96.67,56.08,40.59,2025
TR423,Duzce,2010-2011,93.8,41.55,52.25,2011
TR423,Duzce,2011-2012,99.75,42.68,57.07,2012
TR423,Duzce,2012-2013,101.75,43.19,58.56,2013
TR423,Duzce,2013-2014,109.84,49.0,60.84,2014
TR423,Duzce,2014-2015,116.88,50.56,66.32,2015
TR423,Duzce,2015-2016,115.88,52.35,63.53,2016
TR423,Duzce,2016-2017,110.74,50.21,60.52,2017
TR423,Duzce,2017-2018,101.72,54.8,46.92,2018
TR423,Duzce,2018-2019,102.55,55.92,46.62,2019
TR423,Duzce,2019-2020,105.9,63.3,42.61,2020
TR423,Duzce,2020-2021,122.88,74.34,48.53,2021
TR423,Duzce,2021-2022,118.38,68.14,50.24,2022
TR423,Duzce,2022-2023,125.47,76.39,49.08,2023
TR423,Duzce,2023-2024,108.81,64.21,44.6,2024
TR423,Duzce,2024-2025,99.88,48.06,51.82,2025
TR212,Edirne,2010-2011,92.38,43.95,48.43,2011
TR212,Edirne,2011-2012,95.49,46.49,49.0,2012
TR212,Edirne,2012-2013,97.78,48.98,48.8,2013
TR212,Edirne,2013-2014,109.53,57.07,52.46,2014
TR212,Edirne,2014-2015,107.9,59.53,48.36,2015
TR212,Edirne,2015-2016,106.07,62.39,43.68,2016
TR212,Edirne,2016-2017,105.74,62.87,42.87,2017
TR212,Edirne,2017-2018,113.17,61.07,52.1,2018
TR212,Edirne,2018-2019,113.75,63.77,49.98,2019
TR212,Edirne,2019-2020,114.06,68.92,45.14,2020
TR212,Edirne,2020-2021,125.58,76.15,49.43,2021
TR212,Edirne,2021-2022,116.85,68.35,48.5,2022
TR212,Edirne,2022-2023,116.35,70.46,45.89,2023
TR212,Edirne,2023-2024,107.17,63.84,43.33,2024
TR212,Edirne,2024-2025,94.77,60.38,34.39,2025
TRB12,Elazig,2010-2011,95.15,64.65,30.5,2011
TRB12,Elazig,2011-2012,104.16,71.83,32.32,2012
TRB12,Elazig,2012-2013,106.08,71.44,34.64,2013
TRB12,Elazig,2013-2014,113.26,68.12,45.14,2014
TRB12,Elazig,2014-2015,116.92,64.09,52.83,2015
TRB12,Elazig,2015-2016,119.54,66.85,52.69,2016
TRB12,Elazig,2016-2017,112.59,63.57,49.03,2017
TRB12,Elazig,2017-2018,115.8,58.15,57.65,2018
TRB12,Elazig,2018-2019,116.06,62.02,54.04,2019
TRB12,Elazig,2019-2020,116.86,67.12,49.74,2020
TRB12,Elazig,2020-2021,127.61,75.92,51.69,2021
TRB12,Elazig,2021-2022,116.32,68.07,48.24,2022
TRB12,Elazig,2022-2023,119.64,74.79,44.84,2023
TRB12,Elazig,2023-2024,111.1,66.13,44.96,2024
TRB12,Elazig,2024-2025,102.31,65.06,37.25,2025
TRA12,Erzincan,2010-2011,99.24,52.24,47.0,2011
TRA12,Erzincan,2011-2012,101.43,54.71,46.73,2012
TRA12,Erzincan,2012-2013,105.77,57.17,48.6,2013
TRA12,Erzincan,2013-2014,114.87,62.11,52.76,2014
TRA12,Erzincan,2014-2015,117.84,60.73,57.11,2015
TRA12,Erzincan,2015-2016,120.22,62.35,57.88,2016
TRA12,Erzincan,2016-2017,114.66,59.21,55.45,2017
TRA12,Erzincan,2017-2018,101.19,46.36,54.83,2018
TRA12,Erzincan,2018-2019,101.77,49.25,52.53,2019
TRA12,Erzincan,2019-2020,105.06,59.81,45.25,2020
TRA12,Erzincan,2020-2021,119.08,71.34,47.75,2021
TRA12,Erzincan,2021-2022,111.18,67.16,44.03,2022
TRA12,Erzincan,2022-2023,111.84,68.76,43.09,2023
TRA12,Erzincan,2023-2024,102.85,61.39,41.46,2024
TRA12,Erzincan,2024-2025,107.53,61.44,46.09,2025
TRA11,Erzurum,2010-2011,67.21,39.0,28.2,2011
TRA11,Erzurum,2011-2012,72.62,42.87,29.75,2012
TRA11,Erzurum,2012-2013,77.58,45.95,31.63,2013
TRA11,Erzurum,2013-2014,90.75,52.56,38.19,2014
TRA11,Erzurum,2014-2015,95.46,52.58,42.89,2015
TRA11,Erzurum,2015-2016,97.79,55.94,41.85,2016
TRA11,Erzurum,2016-2017,95.47,53.77,41.7,2017
TRA11,Erzurum,2017-2018,100.87,53.17,47.71,2018
TRA11,Erzurum,2018-2019,101.88,57.16,44.73,2019
TRA11,Erzurum,2019-2020,104.42,64.01,40.42,2020
TRA11,Erzurum,2020-2021,115.33,73.18,42.15,2021
TRA11,Erzurum,2021-2022,111.12,70.22,40.9,2022
TRA11,Erzurum,2022-2023,111.42,69.75,41.67,2023
TRA11,Erzurum,2023-2024,101.57,59.09,42.48,2024
TRA11,Erzurum,2024-2025,98.84,59.1,39.74,2025
TR412,Eskisehir,2010-2011,103.19,51.56,51.63,2011
TR412,Eskisehir,2011-2012,106.49,53.18,53.31,2012
TR412,Eskisehir,2012-2013,107.18,54.77,52.41,2013
TR412,Eskisehir,2013-2014,113.69,60.21,53.48,2014
TR412,Eskisehir,2014-2015,115.69,61.56,54.13,2015
TR412,Eskisehir,2015-2016,118.62,67.5,51.12,2016
TR412,Eskisehir,2016-2017,117.33,69.38,47.95,2017
TR412,Eskisehir,2017-2018,117.4,58.83,58.57,2018
TR412,Eskisehir,2018-2019,116.75,60.63,56.13,2019
TR412,Eskisehir,2019-2020,118.68,68.15,50.52,2020
TR412,Eskisehir,2020-2021,129.91,76.27,53.65,2021
TR412,Eskisehir,2021-2022,119.57,69.4,50.17,2022
TR412,Eskisehir,2022-2023,121.8,72.22,49.57,2023
TR412,Eskisehir,2023-2024,111.26,63.36,47.9,2024
TR412,Eskisehir,2024-2025,104.32,65.08,39.24,2025
TRC11,Gaziantep,2010-2011,69.83,50.25,19.58,2011
TRC11,Gaziantep,2011-2012,75.35,53.68,21.66,2012
TRC11,Gaziantep,2012-2013,78.05,56.0,22.05,2013
TRC11,Gaziantep,2013-2014,87.03,51.56,35.47,2014
TRC11,Gaziantep,2014-2015,92.85,50.42,42.43,2015
TRC11,Gaziantep,2015-2016,96.38,53.87,42.51,2016
TRC11,Gaziantep,2016-2017,95.46,54.94,40.51,2017
TRC11,Gaziantep,2017-2018,108.97,53.78,55.19,2018
TRC11,Gaziantep,2018-2019,94.85,48.31,46.53,2019
TRC11,Gaziantep,2019-2020,111.79,63.86,47.93,2020
TRC11,Gaziantep,2020-2021,125.75,74.34,51.4,2021
TRC11,Gaziantep,2021-2022,111.13,64.67,46.46,2022
TRC11,Gaziantep,2022-2023,117.53,73.79,43.74,2023
TRC11,Gaziantep,2023-2024,97.46,57.1,40.36,2024
TRC11,Gaziantep,2024-2025,98.89,62.91,35.98,2025
TR903,Giresun,2010-2011,92.32,37.01,55.32,2011
TR903,Giresun,2011-2012,98.99,40.35,58.64,2012
TR903,Giresun,2012-2013,102.63,42.99,59.64,2013
TR903,Giresun,2013-2014,114.2,54.76,59.44,2014
TR903,Giresun,2014-2015,114.33,52.83,61.5,2015
TR903,Giresun,2015-2016,116.73,56.61,60.12,2016
TR903,Giresun,2016-2017,108.24,52.08,56.16,2017
TR903,Giresun,2017-2018,122.74,67.14,55.59,2018
TR903,Giresun,2018-2019,120.26,69.18,51.09,2019
TR903,Giresun,2019-2020,119.25,73.99,45.26,2020
TR903,Giresun,2020-2021,130.15,81.98,48.17,2021
TR903,Giresun,2021-2022,119.67,74.91,44.76,2022
TR903,Giresun,2022-2023,123.87,76.86,47.01,2023
TR903,Giresun,2023-2024,112.53,67.26,45.27,2024
TR903,Giresun,2024-2025,102.22,57.84,44.38,2025
TR906,Gumushane,2010-2011,75.32,34.34,40.98,2011
TR906,Gumushane,2011-2012,83.54,36.81,46.73,2012
TR906,Gumushane,2012-2013,87.54,39.85,47.69,2013
TR906,Gumushane,2013-2014,97.64,49.87,47.77,2014
TR906,Gumushane,2014-2015,92.35,47.24,45.11,2015
TR906,Gumushane,2015-2016,89.64,47.03,42.61,2016
TR906,Gumushane,2016-2017,74.13,40.02,34.12,2017
TR906,Gumushane,2017-2018,107.41,57.84,49.58,2018
TR906,Gumushane,2018-2019,108.59,62.23,46.36,2019
TR906,Gumushane,2019-2020,110.7,67.96,42.75,2020
TR906,Gumushane,2020-2021,120.8,75.22,45.58,2021
TR906,Gumushane,2021-2022,114.08,71.72,42.36,2022
TR906,Gumushane,2022-2023,116.51,76.19,40.32,2023
TR906,Gumushane,2023-2024,105.6,66.33,39.27,2024
TR906,Gumushane,2024-2025,84.0,54.02,29.99,2025
TRB24,Hakkari,2010-2011,74.7,53.11,21.59,2011
TRB24,Hakkari,2011-2012,79.34,54.55,24.8,2012
TRB24,Hakkari,2012-2013,87.63,58.41,29.23,2013
TRB24,Hakkari,2013-2014,95.67,59.0,36.68,2014
TRB24,Hakkari,2014-2015,96.44,48.16,48.28,2015
TRB24,Hakkari,2015-2016,98.09,44.69,53.4,2016
TRB24,Hakkari,2016-2017,92.32,42.74,49.57,2017
TRB24,Hakkari,2017-2018,118.96,55.93,63.03,2018
TRB24,Hakkari,2018-2019,115.73,57.81,57.92,2019
TRB24,Hakkari,2019-2020,119.08,68.14,50.94,2020
TRB24,Hakkari,2020-2021,131.86,76.19,55.67,2021
TRB24,Hakkari,2021-2022,126.07,68.96,57.11,2022
TRB24,Hakkari,2022-2023,128.51,76.13,52.38,2023
TRB24,Hakkari,2023-2024,112.0,65.08,46.92,2024
TRB24,Hakkari,2024-2025,116.45,59.37,57.09,2025
TR631,Hatay,2010-2011,77.0,48.41,28.6,2011
TR631,Hatay,2011-2012,81.08,48.95,32.13,2012
TR631,Hatay,2012-2013,83.8,45.79,38.01,2013
TR631,Hatay,2013-2014,95.72,48.94,46.79,2014
TR631,Hatay,2014-2015,102.54,50.12,52.43,2015
TR631,Hatay,2015-2016,102.12,53.06,49.05,2016
TR631,Hatay,2016-2017,99.12,52.21,46.91,2017
TR631,Hatay,2017-2018,109.77,65.13,44.64,2018
TR631,Hatay,2018-2019,110.7,68.1,42.6,2019
TR631,Hatay,2019-2020,111.33,72.01,39.33,2020
TR631,Hatay,2020-2021,120.88,77.47,43.4,2021
TR631,Hatay,2021-2022,111.0,69.55,41.44,2022
TR631,Hatay,2022-2023,113.5,72.81,40.69,2023
TR631,Hatay,2023-2024,106.92,68.61,38.31,2024
TR631,Hatay,2024-2025,95.89,54.94,40.96,2025
TRA23,Igdir,2010-2011,67.56,45.76,21.8,2011
TRA23,Igdir,2011-2012,69.94,46.93,23.01,2012
TRA23,Igdir,2012-2013,72.61,46.25,26.36,2013
TRA23,Igdir,2013-2014,84.72,50.69,34.03,2014
TRA23,Igdir,2014-2015,89.51,52.89,36.62,2015
TRA23,Igdir,2015-2016,94.11,57.77,36.34,2016
TRA23,Igdir,2016-2017,91.27,55.78,35.5,2017
TRA23,Igdir,2017-2018,98.77,54.75,44.01,2018
TRA23,Igdir,2018-2019,97.2,53.51,43.69,2019
TRA23,Igdir,2019-2020,100.06,61.98,38.08,2020
TRA23,Igdir,2020-2021,116.02,69.33,46.69,2021
TRA23,Igdir,2021-2022,109.77,66.03,43.74,2022
TRA23,Igdir,2022-2023,111.78,71.79,39.99,2023
TRA23,Igdir,2023-2024,98.67,61.7,36.97,2024
TRA23,Igdir,2024-2025,98.08,58.25,39.84,2025
TR612,Isparta,2010-2011,100.69,49.06,51.64,2011
TR612,Isparta,2011-2012,104.03,50.31,53.73,2012
TR612,Isparta,2012-2013,108.04,52.21,55.83,2013
TR612,Isparta,2013-2014,115.5,56.81,58.69,2014
TR612,Isparta,2014-2015,118.65,59.62,59.03,2015
TR612,Isparta,2015-2016,121.97,63.6,58.37,2016
TR612,Isparta,2016-2017,118.88,64.99,53.89,2017
TR612,Isparta,2017-2018,108.39,56.62,51.77,2018
TR612,Isparta,2018-2019,108.88,60.4,48.48,2019
TR612,Isparta,2019-2020,110.63,66.04,44.59,2020
TR612,Isparta,2020-2021,124.11,76.08,48.03,2021
TR612,Isparta,2021-2022,116.1,70.72,45.38,2022
TR612,Isparta,2022-2023,119.54,75.34,44.2,2023
TR612,Isparta,2023-2024,110.54,67.24,43.3,2024
TR612,Isparta,2024-2025,101.62,60.17,41.45,2025
TR100,Istanbul,2010-2011,97.05,57.48,39.57,2011
TR100,Istanbul,2011-2012,102.76,60.97,41.79,2012
TR100,Istanbul,2012-2013,106.35,62.64,43.71,2013
TR100,Istanbul,2013-2014,117.06,62.5,54.56,2014
TR100,Istanbul,2014-2015,117.91,58.02,59.89,2015
TR100,Istanbul,2015-2016,121.31,60.59,60.72,2016
TR100,Istanbul,2016-2017,118.27,59.2,59.07,2017
TR100,Istanbul,2017-2018,118.52,59.27,59.25,2018
TR100,Istanbul,2018-2019,120.15,66.13,54.02,2019
TR100,Istanbul,2019-2020,121.32,71.14,50.18,2020
TR100,Istanbul,2020-2021,136.12,83.72,52.4,2021
TR100,Istanbul,2021-2022,124.35,77.3,47.05,2022
TR100,Istanbul,2022-2023,129.43,85.41,44.02,2023
TR100,Istanbul,2023-2024,121.94,79.36,42.59,2024
TR100,Istanbul,2024-2025,108.44,68.95,39.48,2025
TR310,Izmir,2010-2011,95.63,52.28,43.35,2011
TR310,Izmir,2011-2012,101.45,53.58,47.87,2012
TR310,Izmir,2012-2013,102.58,54.45,48.13,2013
TR310,Izmir,2013-2014,111.98,58.38,53.6,2014
TR310,Izmir,2014-2015,114.6,59.78,54.82,2015
TR310,Izmir,2015-2016,119.56,65.31,54.24,2016
TR310,Izmir,2016-2017,117.06,65.04,52.02,2017
TR310,Izmir,2017-2018,113.41,56.13,57.28,2018
TR310,Izmir,2018-2019,113.08,60.22,52.86,2019
TR310,Izmir,2019-2020,114.24,64.73,49.51,2020
TR310,Izmir,2020-2021,124.67,72.87,51.8,2021
TR310,Izmir,2021-2022,114.1,67.27,46.82,2022
TR310,Izmir,2022-2023,115.74,70.15,45.59,2023
TR310,Izmir,2023-2024,108.54,61.54,47.0,2024
TR310,Izmir,2024-2025,103.85,64.48,39.37,2025
TR632,Kahramanmaras,2010-2011,72.96,39.68,33.28,2011
TR632,Kahramanmaras,2011-2012,76.17,41.9,34.27,2012
TR632,Kahramanmaras,2012-2013,80.15,43.88,36.28,2013
TR632,Kahramanmaras,2013-2014,90.5,46.09,44.41,2014
TR632,Kahramanmaras,2014-2015,95.06,43.07,51.99,2015
TR632,Kahramanmaras,2015-2016,98.71,46.29,52.41,2016
TR632,Kahramanmaras,2016-2017,97.83,46.55,51.28,2017
TR632,Kahramanmaras,2017-2018,113.81,59.45,54.36,2018
TR632,Kahramanmaras,2018-2019,114.26,62.19,52.08,2019
TR632,Kahramanmaras,2019-2020,114.1,67.14,46.96,2020
TR632,Kahramanmaras,2020-2021,125.58,73.97,51.62,2021
TR632,Kahramanmaras,2021-2022,116.54,65.6,50.94,2022
TR632,Kahramanmaras,2022-2023,117.13,68.84,48.3,2023
TR632,Kahramanmaras,2023-2024,107.53,62.27,45.25,2024
TR632,Kahramanmaras,2024-2025,96.96,56.59,40.36,2025
TR812,Karabuk,2010-2011,103.09,53.95,49.14,2011
TR812,Karabuk,2011-2012,106.63,54.39,52.23,2012
TR812,Karabuk,2012-2013,110.15,57.61,52.54,2013
TR812,Karabuk,2013-2014,115.78,63.69,52.09,2014
TR812,Karabuk,2014-2015,120.06,64.65,55.41,2015
TR812,Karabuk,2015-2016,120.65,67.43,53.22,2016
TR812,Karabuk,2016-2017,120.84,67.33,53.51,2017
TR812,Karabuk,2017-2018,119.21,71.44,47.77,2018
TR812,Karabuk,2018-2019,119.86,74.96,44.9,2019
TR812,Karabuk,2019-2020,121.48,79.34,42.14,2020
TR812,Karabuk,2020-2021,131.27,86.97,44.3,2021
TR812,Karabuk,2021-2022,118.47,77.54,40.93,2022
TR812,Karabuk,2022-2023,119.15,77.96,41.19,2023
TR812,Karabuk,2023-2024,112.04,71.79,40.25,2024
TR812,Karabuk,2024-2025,103.79,58.72,45.06,2025
TR522,Karaman,2010-2011,82.03,50.98,31.05,2011
TR522,Karaman,2011-2012,88.64,54.86,33.78,2012
TR522,Karaman,2012-2013,91.91,55.87,36.05,2013
TR522,Karaman,2013-2014,108.21,66.59,41.62,2014
TR522,Karaman,2014-2015,114.4,63.07,51.32,2015
TR522,Karaman,2015-2016,118.03,70.52,47.52,2016
TR522,Karaman,2016-2017,113.93,69.72,44.22,2017
TR522,Karaman,2017-2018,84.92,44.9,40.02,2018
TR522,Karaman,2018-2019,85.17,48.17,37.0,2019
TR522,Karaman,2019-2020,86.06,52.0,34.06,2020
TR522,Karaman,2020-2021,101.48,62.01,39.47,2021
TR522,Karaman,2021-2022,104.47,61.77,42.71,2022
TR522,Karaman,2022-2023,108.01,64.88,43.14,2023
TR522,Karaman,2023-2024,103.08,58.65,44.43,2024
TR522,Karaman,2024-2025,99.63,58.2,41.42,2025
TRA22,Kars,2010-2011,53.8,37.46,16.34,2011
TRA22,Kars,2011-2012,60.35,41.51,18.84,2012
TRA22,Kars,2012-2013,64.31,43.6,20.71,2013
TRA22,Kars,2013-2014,78.06,46.37,31.69,2014
TRA22,Kars,2014-2015,83.25,45.16,38.08,2015
TRA22,Kars,2015-2016,84.79,47.88,36.91,2016
TRA22,Kars,2016-2017,84.36,47.8,36.56,2017
TRA22,Kars,2017-2018,105.97,55.03,50.94,2018
TRA22,Kars,2018-2019,105.84,55.32,50.52,2019
TRA22,Kars,2019-2020,103.79,60.33,43.46,2020
TRA22,Kars,2020-2021,121.3,67.68,53.62,2021
TRA22,Kars,2021-2022,112.85,61.15,51.7,2022
TRA22,Kars,2022-2023,111.83,67.59,44.23,2023
TRA22,Kars,2023-2024,99.89,55.92,43.97,2024
TRA22,Kars,2024-2025,92.33,63.17,29.16,2025
TR821,Kastamonu,2010-2011,86.88,39.54,47.35,2011
TR821,Kastamonu,2011-2012,92.96,43.16,49.8,2012
TR821,Kastamonu,2012-2013,96.52,45.22,51.3,2013
TR821,Kastamonu,2013-2014,108.56,54.74,53.82,2014
TR821,Kastamonu,2014-2015,114.65,55.44,59.21,2015
TR821,Kastamonu,2015-2016,118.96,59.87,59.09,2016
TR821,Kastamonu,2016-2017,117.29,57.43,59.86,2017
TR821,Kastamonu,2017-2018,122.27,60.64,61.63,2018
TR821,Kastamonu,2018-2019,122.3,63.69,58.61,2019
TR821,Kastamonu,2019-2020,124.4,68.45,55.96,2020
TR821,Kastamonu,2020-2021,138.39,78.73,59.65,2021
TR821,Kastamonu,2021-2022,126.37,72.64,53.73,2022
TR821,Kastamonu,2022-2023,126.58,74.69,51.89,2023
TR821,Kastamonu,2023-2024,115.3,65.28,50.01,2024
TR821,Kastamonu,2024-2025,105.38,61.41,43.97,2025
TR721,Kayseri,2010-2011,90.26,53.1,37.17,2011
TR721,Kayseri,2011-2012,94.77,54.97,39.8,2012
TR721,Kayseri,2012-2013,96.62,54.97,41.65,2013
TR721,Kayseri,2013-2014,106.38,57.98,48.4,2014
TR721,Kayseri,2014-2015,111.46,57.39,54.07,2015
TR721,Kayseri,2015-2016,115.88,60.99,54.89,2016
TR721,Kayseri,2016-2017,112.77,57.69,55.08,2017
TR721,Kayseri,2017-2018,103.23,52.23,51.0,2018
TR721,Kayseri,2018-2019,102.24,53.39,48.86,2019
TR721,Kayseri,2019-2020,105.12,58.54,46.58,2020
TR721,Kayseri,2020-2021,118.38,65.64,52.74,2021
TR721,Kayseri,2021-2022,107.77,59.0,48.77,2022
TR721,Kayseri,2022-2023,115.06,67.07,47.99,2023
TR721,Kayseri,2023-2024,103.65,56.71,46.94,2024
TR721,Kayseri,2024-2025,102.17,61.33,40.85,2025
TRC13,Kilis,2010-2011,79.66,34.07,45.58,2011
TRC13,Kilis,2011-2012,86.65,37.97,48.68,2012
TRC13,Kilis,2012-2013,92.08,43.39,48.69,2013
TRC13,Kilis,2013-2014,101.71,52.67,49.04,2014
TRC13,Kilis,2014-2015,101.48,49.35,52.13,2015
TRC13,Kilis,2015-2016,102.6,47.78,54.82,2016
TRC13,Kilis,2016-2017,97.13,45.88,51.25,2017
TRC13,Kilis,2017-2018,113.38,61.35,52.03,2018
TRC13,Kilis,2018-2019,114.29,64.39,49.9,2019
TRC13,Kilis,2019-2020,117.32,69.61,47.7,2020
TRC13,Kilis,2020-2021,130.97,78.57,52.4,2021
TRC13,Kilis,2021-2022,121.6,72.43,49.17,2022
TRC13,Kilis,2022-2023,124.94,75.57,49.37,2023
TRC13,Kilis,2023-2024,111.14,64.17,46.98,2024
TRC13,Kilis,2024-2025,101.52,59.02,42.5,2025
TR711,Kirikkale,2010-2011,98.01,49.07,48.95,2011
TR711,Kirikkale,2011-2012,104.48,50.47,54.0,2012
TR711,Kirikkale,2012-2013,106.32,51.22,55.1,2013
TR711,Kirikkale,2013-2014,109.79,50.6,59.19,2014
TR711,Kirikkale,2014-2015,112.68,51.12,61.56,2015
TR711,Kirikkale,2015-2016,116.6,52.66,63.94,2016
TR711,Kirikkale,2016-2017,115.71,52.67,63.04,2017
TR711,Kirikkale,2017-2018,118.96,65.18,53.78,2018
TR711,Kirikkale,2018-2019,119.17,69.24,49.93,2019
TR711,Kirikkale,2019-2020,120.95,75.18,45.77,2020
TR711,Kirikkale,2020-2021,133.37,85.99,47.38,2021
TR711,Kirikkale,2021-2022,120.53,77.33,43.2,2022
TR711,Kirikkale,2022-2023,125.39,83.37,42.02,2023
TR711,Kirikkale,2023-2024,117.11,76.29,40.82,2024
TR711,Kirikkale,2024-2025,105.58,61.13,44.46,2025
TR213,Kirklareli,2010-2011,97.86,48.5,49.36,2011
TR213,Kirklareli,2011-2012,99.95,47.1,52.84,2012
TR213,Kirklareli,2012-2013,100.64,47.22,53.42,2013
TR213,Kirklareli,2013-2014,106.32,52.94,53.37,2014
TR213,Kirklareli,2014-2015,107.73,55.03,52.69,2015
TR213,Kirklareli,2015-2016,110.97,61.81,49.16,2016
TR213,Kirklareli,2016-2017,107.96,64.43,43.53,2017
TR213,Kirklareli,2017-2018,118.96,65.18,53.78,2018
TR213,Kirklareli,2018-2019,119.17,69.24,49.93,2019
TR213,Kirklareli,2019-2020,120.95,75.18,45.77,2020
TR213,Kirklareli,2020-2021,133.37,85.99,47.38,2021
TR213,Kirklareli,2021-2022,120.53,77.33,43.2,2022
TR213,Kirklareli,2022-2023,125.39,83.37,42.02,2023
TR213,Kirklareli,2023-2024,117.11,76.29,40.82,2024
TR213,Kirklareli,2024-2025,98.67,62.41,36.25,2025
TR715,Kirsehir,2010-2011,90.5,52.16,38.34,2011
TR715,Kirsehir,2011-2012,94.55,52.29,42.26,2012
TR715,Kirsehir,2012-2013,100.45,54.42,46.03,2013
TR715,Kirsehir,2013-2014,105.74,57.3,48.44,2014
TR715,Kirsehir,2014-2015,107.79,57.25,50.54,2015
TR715,Kirsehir,2015-2016,112.52,59.86,52.66,2016
TR715,Kirsehir,2016-2017,110.2,58.12,52.08,2017
TR715,Kirsehir,2017-2018,109.19,51.44,57.75,2018
TR715,Kirsehir,2018-2019,108.12,53.49,54.63,2019
TR715,Kirsehir,2019-2020,109.86,57.68,52.18,2020
TR715,Kirsehir,2020-2021,122.1,64.06,58.04,2021
TR715,Kirsehir,2021-2022,114.32,58.96,55.35,2022
TR715,Kirsehir,2022-2023,114.41,60.93,53.48,2023
TR715,Kirsehir,2023-2024,105.42,54.07,51.36,2024
TR715,Kirsehir,2024-2025,106.01,61.43,44.58,2025
TR421,Kocaeli,2010-2011,101.84,50.15,51.69,2011
TR421,Kocaeli,2011-2012,108.46,52.66,55.8,2012
TR421,Kocaeli,2012-2013,111.96,55.21,56.75,2013
TR421,Kocaeli,2013-2014,119.52,57.69,61.83,2014
TR421,Kocaeli,2014-2015,120.58,57.34,63.24,2015
TR421,Kocaeli,2015-2016,122.69,60.95,61.74,2016
TR421,Kocaeli,2016-2017,120.16,60.23,59.93,2017
TR421,Kocaeli,2017-2018,112.85,58.99,53.86,2018
TR421,Kocaeli,2018-2019,113.43,61.6,51.83,2019
TR421,Kocaeli,2019-2020,116.02,67.38,48.65,2020
TR421,Kocaeli,2020-2021,130.11,76.34,53.77,2021
TR421,Kocaeli,2021-2022,120.18,69.74,50.44,2022
TR421,Kocaeli,2022-2023,123.73,73.54,50.18,2023
TR421,Kocaeli,2023-2024,110.62,63.51,47.11,2024
TR421,Kocaeli,2024-2025,104.89,57.7,47.19,2025
TR521,Konya,2010-2011,77.67,38.89,38.77,2011
TR521,Konya,2011-2012,82.45,40.23,42.22,2012
TR521,Konya,2012-2013,85.77,41.02,44.74,2013
TR521,Konya,2013-2014,97.84,45.27,52.57,2014
TR521,Konya,2014-2015,103.1,47.2,55.91,2015
TR521,Konya,2015-2016,109.41,52.86,56.55,2016
TR521,Konya,2016-2017,106.75,51.8,54.95,2017
TR521,Konya,2017-2018,100.6,54.05,46.55,2018
TR521,Konya,2018-2019,101.18,58.18,43.0,2019
TR521,Konya,2019-2020,103.21,64.91,38.3,2020
TR521,Konya,2020-2021,116.15,75.3,40.85,2021
TR521,Konya,2021-2022,113.47,72.6,40.87,2022
TR521,Konya,2022-2023,115.0,74.59,40.41,2023
TR521,Konya,2023-2024,111.67,68.21,43.46,2024
TR521,Konya,2024-2025,100.31,54.18,46.14,2025
TR333,Kutahya,2010-2011,92.2,41.33,50.87,2011
TR333,Kutahya,2011-2012,99.47,44.07,55.4,2012
TR333,Kutahya,2012-2013,105.77,45.84,59.93,2013
TR333,Kutahya,2013-2014,116.83,55.62,61.22,2014
TR333,Kutahya,2014-2015,120.41,57.45,62.96,2015
TR333,Kutahya,2015-2016,120.86,63.27,57.59,2016
TR333,Kutahya,2016-2017,118.16,62.89,55.27,2017
TR333,Kutahya,2017-2018,101.93,50.78,51.15,2018
TR333,Kutahya,2018-2019,102.74,54.51,48.24,2019
TR333,Kutahya,2019-2020,105.05,62.18,42.86,2020
TR333,Kutahya,2020-2021,117.14,71.88,45.26,2021
TR333,Kutahya,2021-2022,111.39,68.42,42.97,2022
TR333,Kutahya,2022-2023,111.63,68.79,42.83,2023
TR333,Kutahya,2023-2024,103.34,60.68,42.67,2024
TR333,Kutahya,2024-2025,104.33,52.69,51.63,2025
TRB11,Malatya,2010-2011,100.09,64.88,35.21,2011
TRB11,Malatya,2011-2012,106.03,68.37,37.65,2012
TRB11,Malatya,2012-2013,109.49,70.47,39.03,2013
TRB11,Malatya,2013-2014,117.83,70.25,47.59,2014
TRB11,Malatya,2014-2015,119.73,64.53,55.2,2015
TRB11,Malatya,2015-2016,120.96,63.07,57.89,2016
TRB11,Malatya,2016-2017,119.37,61.18,58.2,2017
TRB11,Malatya,2017-2018,113.72,59.86,53.86,2018
TRB11,Malatya,2018-2019,112.58,62.46,50.12,2019
TRB11,Malatya,2019-2020,115.85,68.3,47.56,2020
TRB11,Malatya,2020-2021,126.69,77.0,49.68,2021
TRB11,Malatya,2021-2022,116.06,70.9,45.17,2022
TRB11,Malatya,2022-2023,116.43,71.53,44.9,2023
TRB11,Malatya,2023-2024,113.77,67.32,46.45,2024
TRB11,Malatya,2024-2025,102.16,68.39,33.77,2025
TR331,Manisa,2010-2011,82.12,38.11,44.01,2011
TR331,Manisa,2011-2012,87.44,40.0,47.44,2012
TR331,Manisa,2012-2013,89.05,41.11,47.94,2013
TR331,Manisa,2013-2014,99.65,49.37,50.29,2014
TR331,Manisa,2014-2015,103.47,51.2,52.27,2015
TR331,Manisa,2015-2016,106.78,54.01,52.78,2016
TR331,Manisa,2016-2017,105.2,52.49,52.7,2017
TR331,Manisa,2017-2018,119.57,70.89,48.68,2018
TR331,Manisa,2018-2019,118.72,73.27,45.45,2019
TR331,Manisa,2019-2020,119.39,77.47,41.92,2020
TR331,Manisa,2020-2021,130.25,86.14,44.1,2021
TR331,Manisa,2021-2022,117.68,77.18,40.51,2022
TR331,Manisa,2022-2023,117.86,77.54,40.32,2023
TR331,Manisa,2023-2024,108.35,67.67,40.68,2024
TR331,Manisa,2024-2025,98.56,49.11,49.45,2025
TRC31,Mardin,2010-2011,59.72,45.21,14.5,2011
TRC31,Mardin,2011-2012,67.47,49.31,18.17,2012
TRC31,Mardin,2012-2013,73.52,51.99,21.54,2013
TRC31,Mardin,2013-2014,87.33,55.84,31.49,2014
TRC31,Mardin,2014-2015,91.55,51.96,39.59,2015
TRC31,Mardin,2015-2016,94.42,55.5,38.92,2016
TRC31,Mardin,2016-2017,87.3,49.99,37.3,2017
TRC31,Mardin,2017-2018,119.89,59.24,60.64,2018
TRC31,Mardin,2018-2019,118.98,61.16,57.82,2019
TRC31,Mardin,2019-2020,121.6,68.66,52.94,2020
TRC31,Mardin,2020-2021,135.41,75.4,60.01,2021
TRC31,Mardin,2021-2022,123.21,66.38,56.83,2022
TRC31,Mardin,2022-2023,125.42,67.01,58.41,2023
TRC31,Mardin,2023-2024,113.51,61.45,52.06,2024
TRC31,Mardin,2024-2025,95.47,54.75,40.72,2025
TR622,Mersin,2010-2011,85.14,52.81,32.33,2011
TR622,Mersin,2011-2012,88.69,53.65,35.04,2012
TR622,Mersin,2012-2013,91.13,52.54,38.59,2013
TR622,Mersin,2013-2014,99.86,54.28,45.58,2014
TR622,Mersin,2014-2015,103.77,53.87,49.89,2015
TR622,Mersin,2015-2016,107.48,56.91,50.58,2016
TR622,Mersin,2016-2017,106.17,56.81,49.37,2017
TR622,Mersin,2017-2018,104.98,63.35,41.63,2018
TR622,Mersin,2018-2019,106.7,65.52,41.18,2019
TR622,Mersin,2019-2020,107.04,69.05,37.99,2020
TR622,Mersin,2020-2021,114.98,73.35,41.63,2021
TR622,Mersin,2021-2022,106.45,67.18,39.27,2022
TR622,Mersin,2022-2023,106.92,69.03,37.89,2023
TR622,Mersin,2023-2024,102.13,65.93,36.19,2024
TR622,Mersin,2024-2025,98.6,60.22,38.37,2025
TR323,Mugla,2010-2011,89.87,52.25,37.62,2011
TR323,Mugla,2011-2012,94.61,53.74,40.87,2012
TR323,Mugla,2012-2013,96.24,55.05,41.19,2013
TR323,Mugla,2013-2014,109.13,64.94,44.19,2014
TR323,Mugla,2014-2015,111.13,66.1,45.03,2015
TR323,Mugla,2015-2016,114.44,70.95,43.5,2016
TR323,Mugla,2016-2017,112.78,70.95,41.83,2017
TR323,Mugla,2017-2018,110.72,53.08,57.63,2018
TR323,Mugla,2018-2019,110.26,56.76,53.5,2019
TR323,Mugla,2019-2020,111.42,63.2,48.21,2020
TR323,Mugla,2020-2021,123.17,71.13,52.04,2021
TR323,Mugla,2021-2022,111.41,64.37,47.03,2022
TR323,Mugla,2022-2023,117.4,70.44,46.96,2023
TR323,Mugla,2023-2024,106.0,59.86,46.14,2024
TR323,Mugla,2024-2025,101.21,61.2,40.01,2025
TRB22,Mus,2010-2011,41.22,17.92,23.3,2011
TRB22,Mus,2011-2012,46.33,19.33,27.0,2012
TRB22,Mus,2012-2013,53.29,20.93,32.35,2013
TRB22,Mus,2013-2014,62.94,27.77,35.18,2014
TRB22,Mus,2014-2015,71.23,31.75,39.49,2015
TRB22,Mus,2015-2016,68.89,31.42,37.47,2016
TRB22,Mus,2016-2017,66.86,29.72,37.14,2017
TRB22,Mus,2017-2018,123.1,68.05,55.04,2018
TRB22,Mus,2018-2019,122.75,68.76,53.99,2019
TRB22,Mus,2019-2020,124.04,76.29,47.75,2020
TRB22,Mus,2020-2021,134.84,83.98,50.86,2021
TRB22,Mus,2021-2022,123.05,73.0,50.05,2022
TRB22,Mus,2022-2023,126.87,77.37,49.5,2023
TRB22,Mus,2023-2024,114.15,66.56,47.6,2024
TRB22,Mus,2024-2025,80.2,42.86,37.34,2025
TR714,Nevsehir,2010-2011,78.8,40.08,38.72,2011
TR714,Nevsehir,2011-2012,81.1,40.68,40.42,2012
TR714,Nevsehir,2012-2013,81.87,42.05,39.82,2013
TR714,Nevsehir,2013-2014,93.32,49.31,44.01,2014
TR714,Nevsehir,2014-2015,99.04,53.43,45.61,2015
TR714,Nevsehir,2015-2016,105.62,58.55,47.08,2016
TR714,Nevsehir,2016-2017,103.31,58.02,45.28,2017
TR714,Nevsehir,2017-2018,114.79,71.25,43.54,2018
TR714,Nevsehir,2018-2019,115.24,74.17,41.07,2019
TR714,Nevsehir,2019-2020,115.58,78.0,37.58,2020
TR714,Nevsehir,2020-2021,126.49,83.86,42.63,2021
TR714,Nevsehir,2021-2022,117.34,74.81,42.54,2022
TR714,Nevsehir,2022-2023,115.59,74.8,40.79,2023
TR714,Nevsehir,2023-2024,108.13,67.38,40.75,2024
TR714,Nevsehir,2024-2025,96.78,55.52,41.26,2025
TR713,Nigde,2010-2011,69.27,34.04,35.24,2011
TR713,Nigde,2011-2012,72.24,35.38,36.87,2012
TR713,Nigde,2012-2013,77.41,38.43,38.98,2013
TR713,Nigde,2013-2014,90.24,47.92,42.32,2014
TR713,Nigde,2014-2015,95.3,48.69,46.62,2015
TR713,Nigde,2015-2016,99.05,54.23,44.82,2016
TR713,Nigde,2016-2017,96.42,53.96,42.46,2017
TR713,Nigde,2017-2018,110.83,60.28,50.55,2018
TR713,Nigde,2018-2019,109.16,63.26,45.9,2019
TR713,Nigde,2019-2020,111.05,70.59,40.46,2020
TR713,Nigde,2020-2021,121.24,77.11,44.13,2021
TR713,Nigde,2021-2022,112.81,71.04,41.77,2022
TR713,Nigde,2022-2023,113.34,72.35,40.98,2023
TR713,Nigde,2023-2024,105.71,63.95,41.76,2024
TR713,Nigde,2024-2025,95.46,58.05,37.41,2025
TR902,Ordu,2010-2011,76.09,36.21,39.88,2011
TR902,Ordu,2011-2012,81.27,37.49,43.78,2012
TR902,Ordu,2012-2013,85.01,37.29,47.72,2013
TR902,Ordu,2013-2014,93.51,41.15,52.36,2014
TR902,Ordu,2014-2015,100.22,42.34,57.88,2015
TR902,Ordu,2015-2016,105.25,47.01,58.24,2016
TR902,Ordu,2016-2017,104.81,47.55,57.26,2017
TR902,Ordu,2017-2018,118.79,72.03,46.76,2018
TR902,Ordu,2018-2019,118.6,74.64,43.96,2019
TR902,Ordu,2019-2020,119.74,78.48,41.26,2020
TR902,Ordu,2020-2021,130.76,87.34,43.42,2021
TR902,Ordu,2021-2022,117.7,77.89,39.82,2022
TR902,Ordu,2022-2023,117.0,77.75,39.25,2023
TR902,Ordu,2023-2024,107.45,67.62,39.83,2024
TR902,Ordu,2024-2025,103.02,51.9,51.12,2025
TR633,Osmaniye,2010-2011,89.16,51.65,37.51,2011
TR633,Osmaniye,2011-2012,93.02,50.8,42.22,2012
TR633,Osmaniye,2012-2013,93.41,45.55,47.87,2013
TR633,Osmaniye,2013-2014,100.11,48.21,51.89,2014
TR633,Osmaniye,2014-2015,104.42,48.52,55.9,2015
TR633,Osmaniye,2015-2016,106.78,51.66,55.12,2016
TR633,Osmaniye,2016-2017,105.21,53.16,52.06,2017
TR633,Osmaniye,2017-2018,111.51,65.22,46.29,2018
TR633,Osmaniye,2018-2019,112.43,67.82,44.61,2019
TR633,Osmaniye,2019-2020,113.98,73.42,40.55,2020
TR633,Osmaniye,2020-2021,125.58,81.61,43.97,2021
TR633,Osmaniye,2021-2022,117.62,75.18,42.44,2022
TR633,Osmaniye,2022-2023,114.43,74.42,40.0,2023
TR633,Osmaniye,2023-2024,106.32,67.6,38.72,2024
TR633,Osmaniye,2024-2025,96.73,56.02,40.72,2025
TR904,Rize,2010-2011,115.83,50.7,65.13,2011
TR904,Rize,2011-2012,123.13,55.48,67.64,2012
TR904,Rize,2012-2013,128.43,59.1,69.33,2013
TR904,Rize,2013-2014,137.13,65.39,71.74,2014
TR904,Rize,2014-2015,140.23,65.36,74.86,2015
TR904,Rize,2015-2016,140.06,66.34,73.72,2016
TR904,Rize,2016-2017,136.45,63.29,73.15,2017
TR904,Rize,2017-2018,121.93,66.08,55.84,2018
TR904,Rize,2018-2019,117.27,66.61,50.66,2019
TR904,Rize,2019-2020,116.03,72.97,43.07,2020
TR904,Rize,2020-2021,124.91,80.54,44.37,2021
TR904,Rize,2021-2022,114.0,73.38,40.62,2022
TR904,Rize,2022-2023,116.79,76.34,40.45,2023
TR904,Rize,2023-2024,111.35,69.0,42.35,2024
TR904,Rize,2024-2025,112.09,56.75,55.35,2025
TR422,Sakarya,2010-2011,95.11,41.0,54.11,2011
TR422,Sakarya,2011-2012,99.73,42.16,57.57,2012
TR422,Sakarya,2012-2013,101.83,42.54,59.29,2013
TR422,Sakarya,2013-2014,110.55,48.69,61.85,2014
TR422,Sakarya,2014-2015,113.3,50.36,62.95,2015
TR422,Sakarya,2015-2016,115.08,53.99,61.09,2016
TR422,Sakarya,2016-2017,112.73,53.93,58.8,2017
TR422,Sakarya,2017-2018,113.44,54.62,58.81,2018
TR422,Sakarya,2018-2019,111.8,56.39,55.41,2019
TR422,Sakarya,2019-2020,115.67,63.65,52.02,2020
TR422,Sakarya,2020-2021,130.36,73.03,57.33,2021
TR422,Sakarya,2021-2022,119.28,66.83,52.45,2022
TR422,Sakarya,2022-2023,121.9,69.87,52.03,2023
TR422,Sakarya,2023-2024,110.83,61.51,49.32,2024
TR422,Sakarya,2024-2025,101.24,54.17,47.07,2025
TR831,Samsun,2010-2011,82.23,45.24,37.0,2011
TR831,Samsun,2011-2012,88.11,48.17,39.93,2012
TR831,Samsun,2012-2013,92.44,50.82,41.62,2013
TR831,Samsun,2013-2014,106.25,58.05,48.19,2014
TR831,Samsun,2014-2015,112.64,59.53,53.11,2015
TR831,Samsun,2015-2016,116.57,62.35,54.22,2016
TR831,Samsun,2016-2017,112.34,61.07,51.27,2017
TR831,Samsun,2017-2018,124.22,59.23,65.0,2018
TR831,Samsun,2018-2019,128.24,62.42,65.82,2019
TR831,Samsun,2019-2020,129.09,71.86,57.23,2020
TR831,Samsun,2020-2021,139.46,81.64,57.82,2021
TR831,Samsun,2021-2022,127.81,75.64,52.18,2022
TR831,Samsun,2022-2023,128.51,78.51,50.0,2023
TR831,Samsun,2023-2024,119.03,73.6,45.43,2024
TR831,Samsun,2024-2025,102.93,57.72,45.21,2025
TRC21,Sanliurfa,2010-2011,46.39,32.57,13.82,2011
TRC21,Sanliurfa,2011-2012,51.97,36.54,15.43,2012
TRC21,Sanliurfa,2012-2013,57.62,38.84,18.78,2013
TRC21,Sanliurfa,2013-2014,75.01,43.69,31.32,2014
TRC21,Sanliurfa,2014-2015,82.13,41.8,40.32,2015
TRC21,Sanliurfa,2015-2016,84.53,45.63,38.9,2016
TRC21,Sanliurfa,2016-2017,79.27,42.95,36.32,2017
TRC21,Sanliurfa,2017-2018,107.21,49.05,58.16,2018
TRC21,Sanliurfa,2018-2019,108.15,51.28,56.88,2019
TRC21,Sanliurfa,2019-2020,108.37,57.66,50.71,2020
TRC21,Sanliurfa,2020-2021,123.53,69.01,54.53,2021
TRC21,Sanliurfa,2021-2022,113.94,63.02,50.92,2022
TRC21,Sanliurfa,2022-2023,117.12,66.87,50.25,2023
TRC21,Sanliurfa,2023-2024,106.22,58.47,47.75,2024
TRC21,Sanliurfa,2024-2025,85.83,46.9,38.94,2025
TRC34,Siirt,2010-2011,57.92,37.71,20.21,2011
TRC34,Siirt,2011-2012,64.99,43.78,21.22,2012
TRC34,Siirt,2012-2013,70.97,46.72,24.25,2013
TRC34,Siirt,2013-2014,82.28,50.74,31.54,2014
TRC34,Siirt,2014-2015,94.18,53.39,40.79,2015
TRC34,Siirt,2015-2016,95.28,53.76,41.52,2016
TRC34,Siirt,2016-2017,89.7,47.53,42.16,2017
TRC34,Siirt,2017-2018,111.97,52.81,59.16,2018
TRC34,Siirt,2018-2019,108.32,52.15,56.17,2019
TRC34,Siirt,2019-2020,112.97,62.53,50.44,2020
TRC34,Siirt,2020-2021,125.0,71.99,53.02,2021
TRC34,Siirt,2021-2022,116.29,67.11,49.18,2022
TRC34,Siirt,2022-2023,118.36,70.61,47.75,2023
TRC34,Siirt,2023-2024,109.31,62.85,46.46,2024
TRC34,Siirt,2024-2025,92.73,50.56,42.17,2025
TR823,Sinop,2010-2011,84.72,42.76,41.96,2011
TR823,Sinop,2011-2012,93.56,49.06,44.49,2012
TR823,Sinop,2012-2013,95.96,49.76,46.2,2013
TR823,Sinop,2013-2014,111.45,61.15,50.3,2014
TR823,Sinop,2014-2015,114.63,61.14,53.49,2015
TR823,Sinop,2015-2016,119.68,64.86,54.83,2016
TR823,Sinop,2016-2017,113.98,61.9,52.07,2017
TR823,Sinop,2017-2018,111.85,48.95,62.9,2018
TR823,Sinop,2018-2019,111.16,52.21,58.95,2019
TR823,Sinop,2019-2020,113.87,57.31,56.56,2020
TR823,Sinop,2020-2021,126.76,65.55,61.21,2021
TR823,Sinop,2021-2022,114.88,59.79,55.09,2022
TR823,Sinop,2022-2023,116.19,61.71,54.49,2023
TR823,Sinop,2023-2024,110.24,54.26,55.97,2024
TR823,Sinop,2024-2025,99.83,53.26,46.58,2025
TRC33,Sirnak,2010-2011,53.61,37.66,15.94,2011
TRC33,Sirnak,2011-2012,60.15,42.06,18.09,2012
TRC33,Sirnak,2012-2013,67.5,45.6,21.9,2013
TRC33,Sirnak,2013-2014,86.6,54.34,32.27,2014
TRC33,Sirnak,2014-2015,94.58,43.5,51.07,2015
TRC33,Sirnak,2015-2016,90.42,43.07,47.35,2016
TRC33,Sirnak,2016-2017,79.68,36.22,43.46,2017
TRC33,Sirnak,2017-2018,107.88,50.08,57.8,2018
TRC33,Sirnak,2018-2019,105.97,52.82,53.15,2019
TRC33,Sirnak,2019-2020,110.82,59.3,51.52,2020
TRC33,Sirnak,2020-2021,124.36,67.1,57.26,2021
TRC33,Sirnak,2021-2022,120.29,62.93,57.37,2022
TRC33,Sirnak,2022-2023,118.88,63.4,55.48,2023
TRC33,Sirnak,2023-2024,109.12,56.23,52.9,2024
TRC33,Sirnak,2024-2025,95.27,49.26,46.01,2025
TR722,Sivas,2010-2011,81.69,44.15,37.54,2011
TR722,Sivas,2011-2012,86.46,46.32,40.14,2012
TR722,Sivas,2012-2013,91.69,49.38,42.31,2013
TR722,Sivas,2013-2014,103.74,56.85,46.89,2014
TR722,Sivas,2014-2015,112.05,57.22,54.83,2015
TR722,Sivas,2015-2016,113.4,61.62,51.78,2016
TR722,Sivas,2016-2017,111.37,60.83,50.54,2017
TR722,Sivas,2017-2018,120.54,61.98,58.56,2018
TR722,Sivas,2018-2019,118.5,63.21,55.29,2019
TR722,Sivas,2019-2020,120.59,67.08,53.51,2020
TR722,Sivas,2020-2021,132.26,73.84,58.42,2021
TR722,Sivas,2021-2022,118.94,63.93,55.01,2022
TR722,Sivas,2022-2023,120.49,66.22,54.27,2023
TR722,Sivas,2023-2024,112.47,58.43,54.05,2024
TR722,Sivas,2024-2025,102.9,61.16,41.74,2025
TR211,Tekirdag,2010-2011,98.77,50.14,48.63,2011
TR211,Tekirdag,2011-2012,102.74,52.07,50.67,2012
TR211,Tekirdag,2012-2013,103.42,53.15,50.28,2013
TR211,Tekirdag,2013-2014,109.45,58.72,50.74,2014
TR211,Tekirdag,2014-2015,110.39,58.21,52.17,2015
TR211,Tekirdag,2015-2016,112.38,62.15,50.23,2016
TR211,Tekirdag,2016-2017,109.23,61.08,48.15,2017
TR211,Tekirdag,2017-2018,108.89,61.44,47.45,2018
TR211,Tekirdag,2018-2019,109.45,64.38,45.07,2019
TR211,Tekirdag,2019-2020,111.58,69.32,42.26,2020
TR211,Tekirdag,2020-2021,123.24,76.98,46.26,2021
TR211,Tekirdag,2021-2022,114.06,69.99,44.07,2022
TR211,Tekirdag,2022-2023,114.68,72.54,42.14,2023
TR211,Tekirdag,2023-2024,106.84,66.06,40.77,2024
TR211,Tekirdag,2024-2025,100.18,59.36,40.81,2025
TR832,Tokat,2010-2011,76.86,36.79,40.07,2011
TR832,Tokat,2011-2012,82.33,38.73,43.6,2012
TR832,Tokat,2012-2013,84.04,38.23,45.8,2013
TR832,Tokat,2013-2014,99.08,48.01,51.08,2014
TR832,Tokat,2014-2015,105.14,50.99,54.15,2015
TR832,Tokat,2015-2016,107.83,51.96,55.87,2016
TR832,Tokat,2016-2017,105.84,50.36,55.48,2017
TR832,Tokat,2017-2018,114.47,64.83,49.64,2018
TR832,Tokat,2018-2019,114.3,67.48,46.83,2019
TR832,Tokat,2019-2020,116.46,72.39,44.07,2020
TR832,Tokat,2020-2021,130.87,83.35,47.52,2021
TR832,Tokat,2021-2022,118.77,76.48,42.3,2022
TR832,Tokat,2022-2023,118.17,79.09,39.08,2023
TR832,Tokat,2023-2024,106.55,67.7,38.85,2024
TR832,Tokat,2024-2025,96.46,52.02,44.44,2025
TR901,Trabzon,2010-2011,97.43,47.34,50.1,2011
TR901,Trabzon,2011-2012,102.76,49.33,53.42,2012
TR901,Trabzon,2012-2013,107.09,51.72,55.37,2013
TR901,Trabzon,2013-2014,117.37,57.73,59.64,2014
TR901,Trabzon,2014-2015,124.13,57.6,66.53,2015
TR901,Trabzon,2015-2016,122.6,60.1,62.5,2016
TR901,Trabzon,2016-2017,119.17,59.55,59.62,2017
TR901,Trabzon,2017-2018,120.01,70.33,49.68,2018
TR901,Trabzon,2018-2019,117.62,69.26,48.36,2019
TR901,Trabzon,2019-2020,120.21,79.22,41.0,2020
TR901,Trabzon,2020-2021,133.19,85.44,47.76,2021
TR901,Trabzon,2021-2022,115.52,73.95,41.57,2022
TR901,Trabzon,2022-2023,119.65,76.79,42.86,2023
TR901,Trabzon,2023-2024,108.34,65.7,42.64,2024
TR901,Trabzon,2024-2025,104.55,59.74,44.81,2025
TRB14,Tunceli,2010-2011,101.47,79.65,21.83,2011
TRB14,Tunceli,2011-2012,104.88,81.13,23.74,2012
TRB14,Tunceli,2012-2013,109.94,85.11,24.83,2013
TRB14,Tunceli,2013-2014,121.23,88.11,33.12,2014
TRB14,Tunceli,2014-2015,116.87,70.43,46.44,2015
TRB14,Tunceli,2015-2016,120.22,73.61,46.61,2016
TRB14,Tunceli,2016-2017,116.68,78.44,38.24,2017
TRB14,Tunceli,2017-2018,103.08,52.85,50.23,2018
TRB14,Tunceli,2018-2019,102.5,55.71,46.78,2019
TRB14,Tunceli,2019-2020,105.99,61.15,44.84,2020
TRB14,Tunceli,2020-2021,119.94,68.72,51.22,2021
TRB14,Tunceli,2021-2022,110.0,62.53,47.48,2022
TRB14,Tunceli,2022-2023,113.01,67.06,45.95,2023
TRB14,Tunceli,2023-2024,104.22,60.17,44.04,2024
TRB14,Tunceli,2024-2025,96.16,67.66,28.5,2025
TR334,Usak,2010-2011,90.81,49.93,40.88,2011
TR334,Usak,2011-2012,94.31,52.08,42.24,2012
TR334,Usak,2012-2013,94.98,53.73,41.26,2013
TR334,Usak,2013-2014,104.99,64.64,40.35,2014
TR334,Usak,2014-2015,108.99,67.96,41.04,2015
TR334,Usak,2015-2016,112.66,71.86,40.81,2016
TR334,Usak,2016-2017,109.33,68.18,41.15,2017
TR334,Usak,2017-2018,106.6,55.66,50.93,2018
TR334,Usak,2018-2019,106.11,56.45,49.66,2019
TR334,Usak,2019-2020,107.62,63.27,44.35,2020
TR334,Usak,2020-2021,121.8,71.61,50.19,2021
TR334,Usak,2021-2022,113.09,65.91,47.18,2022
TR334,Usak,2022-2023,115.08,71.62,43.47,2023
TR334,Usak,2023-2024,104.04,61.7,42.34,2024
TR334,Usak,2024-2025,104.52,57.09,47.44,2025
TRB21,Van,2010-2011,48.65,34.76,13.89,2011
TRB21,Van,2011-2012,54.44,36.76,17.68,2012
TRB21,Van,2012-2013,47.4,27.44,19.96,2013
TRB21,Van,2013-2014,69.77,37.42,32.35,2014
TRB21,Van,2014-2015,76.22,34.95,41.27,2015
TRB21,Van,2015-2016,80.09,38.26,41.83,2016
TRB21,Van,2016-2017,78.17,37.62,40.56,2017
TRB21,Van,2017-2018,114.96,57.73,57.24,2018
TRB21,Van,2018-2019,114.74,60.4,54.34,2019
TRB21,Van,2019-2020,115.88,67.54,48.34,2020
TRB21,Van,2020-2021,127.3,75.9,51.4,2021
TRB21,Van,2021-2022,117.87,70.67,47.19,2022
TRB21,Van,2022-2023,118.9,72.48,46.41,2023
TRB21,Van,2023-2024,109.4,64.2,45.21,2024
TRB21,Van,2024-2025,97.17,58.68,38.49,2025
TR425,Yalova,2010-2011,97.87,50.16,47.71,2011
TR425,Yalova,2011-2012,104.48,51.03,53.45,2012
TR425,Yalova,2012-2013,108.9,51.44,57.46,2013
TR425,Yalova,2013-2014,113.29,59.97,53.32,2014
TR425,Yalova,2014-2015,117.15,63.81,53.34,2015
TR425,Yalova,2015-2016,116.97,67.05,49.92,2016
TR425,Yalova,2016-2017,117.12,67.07,50.05,2017
TR425,Yalova,2017-2018,114.87,61.33,53.53,2018
TR425,Yalova,2018-2019,113.27,64.04,49.22,2019
TR425,Yalova,2019-2020,114.1,70.51,43.59,2020
TR425,Yalova,2020-2021,129.33,82.32,47.01,2021
TR425,Yalova,2021-2022,117.87,75.23,42.64,2022
TR425,Yalova,2022-2023,119.44,78.35,41.08,2023
TR425,Yalova,2023-2024,109.35,71.2,38.16,2024
TR425,Yalova,2024-2025,98.11,60.39,37.72,2025
TR723,Yozgat,2010-2011,67.73,30.42,37.31,2011
TR723,Yozgat,2011-2012,74.53,33.12,41.42,2012
TR723,Yozgat,2012-2013,79.69,34.29,45.39,2013
TR723,Yozgat,2013-2014,93.66,45.88,47.78,2014
TR723,Yozgat,2014-2015,97.94,50.01,47.93,2015
TR723,Yozgat,2015-2016,102.57,54.35,48.22,2016
TR723,Yozgat,2016-2017,100.17,53.58,46.59,2017
TR723,Yozgat,2017-2018,115.11,67.54,47.57,2018
TR723,Yozgat,2018-2019,115.54,66.99,48.54,2019
TR723,Yozgat,2019-2020,116.74,69.64,47.1,2020
TR723,Yozgat,2020-2021,127.05,76.55,50.5,2021
TR723,Yozgat,2021-2022,113.45,69.02,44.43,2022
TR723,Yozgat,2022-2023,117.24,72.12,45.11,2023
TR723,Yozgat,2023-2024,111.88,63.61,48.27,2024
TR723,Yozgat,2024-2025,100.11,57.09,43.02,2025
TR811,Zonguldak,2010-2011,91.23,47.85,43.38,2011
TR811,Zonguldak,2011-2012,97.09,49.73,47.36,2012
TR811,Zonguldak,2012-2013,99.31,49.6,49.71,2013
TR811,Zonguldak,2013-2014,109.71,57.44,52.27,2014
TR811,Zonguldak,2014-2015,112.63,56.93,55.7,2015
TR811,Zonguldak,2015-2016,114.48,60.41,54.07,2016
TR811,Zonguldak,2016-2017,111.6,58.97,52.63,2017
TR811,Zonguldak,2017-2018,111.45,52.46,59.0,2018
TR811,Zonguldak,2018-2019,111.26,56.85,54.41,2019
TR811,Zonguldak,2019-2020,112.33,61.56,50.77,2020
TR811,Zonguldak,2020-2021,122.96,69.95,53.01,2021
TR811,Zonguldak,2021-2022,112.95,65.4,47.56,2022
TR811,Zonguldak,2022-2023,114.74,68.8,45.94,2023
TR811,Zonguldak,2023-2024,107.63,59.47,48.16,2024
TR811,Zonguldak,2024-2025,101.72,57.58,44.14,2025
