province,year,population,in_migration,out_migration,net_migration,net_migration_rate
Adana,2021,2263373.0,53649.0,65628.0,-11979.0,-5.278574930184138
Adana,2022,2274106.0,55018.0,62156.0,-7138.0,-3.1338975051313294
Adana,2023,2270298.0,66104.0,77898.0,-11794.0,-5.181454137277343
Adana,2024,2280484.0,55342.0,56108.0,-766.0,-0.33583720576429926
Adıyaman,2021,632148.0,17598.0,24860.0,-7262.0,-11.422208031407141
Adıyaman,2022,635169.0,18780.0,23359.0,-4579.0,-7.1832127111019775
Adıyaman,2023,604978.0,23294.0,48372.0,-25078.0,-40.611027712597384
Adıyaman,2024,611037.0,22295.0,21158.0,1137.0,1.8625039621208956
Afyonkarahisar,2021,744179.0,24643.0,25327.0,-684.0,-0.9187114936986331
Afyonkarahisar,2022,747555.0,23667.0,25425.0,-1758.0,-2.3489045126223553
Afyonkarahisar,2023,751344.0,30431.0,26427.0,4004.0,5.343354569742521
Afyonkarahisar,2024,750193.0,20801.0,25035.0,-4234.0,-5.627999096117292
Aksaray,2021,429069.0,14210.0,15529.0,-1319.0,-3.0693798526278804
Aksaray,2022,433055.0,14264.0,14147.0,117.0,0.2702100363397857
Aksaray,2023,438504.0,20400.0,15112.0,5288.0,12.132336071215528
Aksaray,2024,439474.0,13969.0,14893.0,-924.0,-2.10030549898167
Amasya,2021,335331.0,15244.0,14540.0,704.0,2.101624280925073
Amasya,2022,338267.0,15217.0,13847.0,1370.0,4.058273249166128
Amasya,2023,339529.0,19307.0,15046.0,4261.0,12.628983234958069
Amasya,2024,342378.0,13879.0,14446.0,-567.0,-1.654694209883515
Ankara,2021,5747325.0,197702.0,165604.0,32098.0,5.600498039180106
Ankara,2022,5782285.0,189104.0,161912.0,27192.0,4.713722649981651
Ankara,2023,5803482.0,232700.0,208740.0,23960.0,4.1370960417522085
Ankara,2024,5864049.0,202402.0,150373.0,52029.0,8.912074774481034
Antalya,2021,2619832.0,88305.0,80505.0,7800.0,2.9817288828608692
Antalya,2022,2688004.0,92004.0,78986.0,13018.0,4.854754530588347
Antalya,2023,2696249.0,118356.0,88758.0,29598.0,11.038057767252793
Antalya,2024,2722103.0,96618.0,71999.0,24619.0,9.085194130106224
Ardahan,2021,94932.0,4750.0,6445.0,-1695.0,-17.69689756158677
Ardahan,2022,92481.0,5391.0,8157.0,-2766.0,-29.468166709281512
Ardahan,2023,92819.0,6856.0,6811.0,45.0,0.48493208256776926
Ardahan,2024,91354.0,4570.0,6441.0,-1871.0,-20.27316216904415
Artvin,2021,169543.0,8238.0,8224.0,14.0,0.08257833144582861
Artvin,2022,169403.0,9983.0,9879.0,104.0,0.6141091579028172
Artvin,2023,172356.0,13425.0,10352.0,3073.0,17.989749413854973
Artvin,2024,169280.0,7670.0,10400.0,-2730.0,-15.998124761932669
Aydın,2021,1134031.0,46485.0,37246.0,9239.0,8.18036650060673
Aydın,2022,1148241.0,45705.0,36499.0,9206.0,8.049750008306823
Aydın,2023,1161702.0,52916.0,41605.0,11311.0,9.78420850718375
Aydın,2024,1165943.0,40849.0,35832.0,5017.0,4.312232446261478
Ağrı,2021,524644.0,14858.0,34800.0,-19942.0,-37.301609569503285
Ağrı,2022,510626.0,16871.0,37676.0,-20805.0,-39.93063719163155
Ağrı,2023,511238.0,23324.0,30696.0,-7372.0,-14.316675858961712
Ağrı,2024,499801.0,14411.0,30970.0,-16559.0,-32.591292127920674
Balıkesir,2021,1250610.0,50218.0,40287.0,9931.0,7.972579656555302
Balıkesir,2022,1257590.0,49652.0,40975.0,8677.0,6.923590356763986
Balıkesir,2023,1273519.0,60574.0,43098.0,17476.0,13.817411868141598
Balıkesir,2024,1276096.0,44834.0,40371.0,4463.0,3.503512343738286
Bartın,2021,201711.0,10907.0,8794.0,2113.0,10.530538811738586
Bartın,2022,203351.0,9990.0,8634.0,1356.0,6.690580393046928
Bartın,2023,207238.0,13197.0,8926.0,4271.0,20.8237344742263
Bartın,2024,206715.0,9439.0,9569.0,-130.0,-0.628687493954928
Batman,2021,626319.0,19002.0,24411.0,-5409.0,-8.599042802057475
Batman,2022,634491.0,20528.0,24070.0,-3542.0,-5.566889111718129
Batman,2023,647205.0,27888.0,25138.0,2750.0,4.2580864933496425
Batman,2024,654528.0,20987.0,22923.0,-1936.0,-2.9534886559185716
Bayburt,2021,85042.0,9019.0,6382.0,2637.0,31.496533231410538
Bayburt,2022,84241.0,7031.0,8232.0,-1201.0,-14.155808183495106
Bayburt,2023,86047.0,10202.0,8309.0,1893.0,22.244287636382865
Bayburt,2024,83676.0,5644.0,8639.0,-2995.0,-35.163519169694794
Bilecik,2021,228334.0,11974.0,8855.0,3119.0,13.753750972882754
Bilecik,2022,228673.0,12078.0,9453.0,2625.0,11.545541112022537
Bilecik,2023,228058.0,13762.0,11323.0,2439.0,10.752143044500823
Bilecik,2024,228495.0,10023.0,10038.0,-15.0,-0.0656447960087964
Bingöl,2021,283112.0,12027.0,13376.0,-1349.0,-4.753573549129364
Bingöl,2022,282556.0,11900.0,14926.0,-3026.0,-10.652341508577141
Bingöl,2023,285655.0,15784.0,14325.0,1459.0,5.120636798040189
Bingöl,2024,283276.0,10029.0,13794.0,-3765.0,-13.203183492689154
Bitlis,2021,352277.0,14158.0,18814.0,-4656.0,-13.130102508424867
Bitlis,2022,353988.0,15111.0,19885.0,-4774.0,-13.396001403016486
Bitlis,2023,359747.0,19286.0,19795.0,-509.0,-1.4138829977097316
Bitlis,2024,359808.0,13700.0,18195.0,-4495.0,-12.41522363284082
Bolu,2021,320014.0,18470.0,14162.0,4308.0,13.553136601019316
Bolu,2022,320824.0,15750.0,14224.0,1526.0,4.767841130284539
Bolu,2023,324789.0,18099.0,15105.0,2994.0,9.260977691993615
Bolu,2024,326409.0,13869.0,13362.0,507.0,1.5544732497229081
Burdur,2021,273716.0,15859.0,11489.0,4370.0,16.093926660307663
Burdur,2022,273799.0,14684.0,13187.0,1497.0,5.482502320999229
Burdur,2023,277452.0,18013.0,14536.0,3477.0,12.610916766861253
Burdur,2024,275826.0,11746.0,13550.0,-1804.0,-6.519036743661646
Bursa,2021,3147818.0,92019.0,76678.0,15341.0,4.885439298631672
Bursa,2022,3194720.0,90863.0,70447.0,20416.0,6.411029382209896
Bursa,2023,3214571.0,95935.0,89763.0,6172.0,1.9218523517936406
Bursa,2024,3238618.0,81656.0,66440.0,15216.0,4.709363326018799
Denizli,2021,1051056.0,30589.0,27480.0,3109.0,2.9623587960569853
Denizli,2022,1056332.0,29528.0,26478.0,3050.0,2.8915242314470797
Denizli,2023,1059082.0,32655.0,29994.0,2661.0,2.5157137569646557
Denizli,2024,1061371.0,25866.0,24816.0,1050.0,0.9897760843703987
Diyarbakır,2021,1791373.0,40414.0,60761.0,-20347.0,-11.294185301350812
Diyarbakır,2022,1804880.0,45963.0,59751.0,-13788.0,-7.610220700815885
Diyarbakır,2023,1818133.0,49440.0,63878.0,-14438.0,-7.909707278376992
Diyarbakır,2024,1833684.0,43561.0,50981.0,-7420.0,-4.038328197436152
Düzce,2021,400976.0,16828.0,14191.0,2637.0,6.598149665651214
Düzce,2022,405131.0,17049.0,15220.0,1829.0,4.524802921206828
Düzce,2023,409865.0,19891.0,16124.0,3767.0,9.233261802312114
Düzce,2024,412344.0,15051.0,13450.0,1601.0,3.890232745748627
Edirne,2021,412115.0,19443.0,15822.0,3621.0,8.825153026593664
Edirne,2022,414714.0,19699.0,16197.0,3502.0,8.480178611643174
Edirne,2023,419913.0,22281.0,17181.0,5100.0,12.219578640176536
Edirne,2024,421247.0,17332.0,16323.0,1009.0,2.398141381010951
Elazığ,2021,588088.0,20800.0,22429.0,-1629.0,-2.7661624802068254
Elazığ,2022,591497.0,21060.0,22271.0,-1211.0,-2.0452539889630597
Elazığ,2023,604411.0,35924.0,24456.0,11468.0,19.155571368200214
Elazığ,2024,603941.0,20035.0,23315.0,-3280.0,-5.416286178067014
Erzincan,2021,237351.0,16049.0,13564.0,2485.0,10.524822274505153
Erzincan,2022,239223.0,15946.0,15542.0,404.0,1.690228055275478
Erzincan,2023,243399.0,19786.0,19054.0,732.0,3.0119366505783165
Erzincan,2024,241239.0,12737.0,15638.0,-2901.0,-11.953545579845853
Erzurum,2021,756893.0,28554.0,36798.0,-8244.0,-10.832900796961953
Erzurum,2022,749754.0,26629.0,39159.0,-12530.0,-16.57365754035282
Erzurum,2023,749993.0,34129.0,38115.0,-3986.0,-5.300630596846218
Erzurum,2024,745005.0,22614.0,34522.0,-11908.0,-15.857057442550126
Eskişehir,2021,898369.0,36776.0,31532.0,5244.0,5.854331636053484
Eskişehir,2022,906617.0,37278.0,29766.0,7512.0,8.320217619323461
Eskişehir,2023,915418.0,45072.0,34020.0,11052.0,12.146496507277787
Eskişehir,2024,921630.0,35984.0,29165.0,6819.0,7.4263208020295775
Gaziantep,2021,2130432.0,50203.0,57475.0,-7272.0,-3.4075765158373583
Gaziantep,2022,2154051.0,50192.0,55699.0,-5507.0,-2.553314405640381
Gaziantep,2023,2164134.0,65524.0,73835.0,-8311.0,-3.832975255379874
Gaziantep,2024,2193363.0,56097.0,49330.0,6767.0,3.0899832624004016
Giresun,2021,450154.0,21392.0,19575.0,1817.0,4.044559155294822
Giresun,2022,450862.0,20947.0,20130.0,817.0,1.8137277210633285
Giresun,2023,461712.0,35227.0,22520.0,12707.0,27.90548545816099
Giresun,2024,455922.0,17348.0,22932.0,-5584.0,-12.173162362605021
Gümüşhane,2021,150119.0,14114.0,11611.0,2503.0,16.813609417770834
Gümüşhane,2022,144544.0,11496.0,15580.0,-4084.0,-27.860777973339882
Gümüşhane,2023,148539.0,24177.0,13873.0,10304.0,71.86146582326153
Gümüşhane,2024,142617.0,12288.0,18526.0,-6238.0,-42.80342537190536
Hakkari,2021,278218.0,7886.0,13088.0,-5202.0,-18.524387594856474
Hakkari,2022,275333.0,9783.0,13928.0,-4145.0,-14.942025302310155
Hakkari,2023,287625.0,14956.0,12732.0,2224.0,7.7623004889830485
Hakkari,2024,282191.0,8478.0,14112.0,-5634.0,-19.767866165160278
Hatay,2021,1670712.0,35929.0,49001.0,-13072.0,-7.793719235318808
Hatay,2022,1686043.0,39530.0,47597.0,-8067.0,-4.773156718053887
Hatay,2023,1544640.0,37068.0,164247.0,-127179.0,-79.08013128723232
Hatay,2024,1562185.0,52193.0,49835.0,2358.0,1.510564341200482
Isparta,2021,445678.0,22632.0,19998.0,2634.0,5.9276129093237255
Isparta,2022,445325.0,20948.0,20653.0,295.0,0.662657030061043
Isparta,2023,449777.0,25149.0,21847.0,3302.0,7.368463333973034
Isparta,2024,446409.0,18046.0,19526.0,-1480.0,-3.3098586824526053
Iğdır,2021,203159.0,7563.0,10173.0,-2610.0,-12.76508333985445
Iğdır,2022,203594.0,9827.0,11673.0,-1846.0,-9.026144525882934
Iğdır,2023,209738.0,12781.0,10830.0,1951.0,9.345548170768218
Iğdır,2024,206857.0,8000.0,11778.0,-3778.0,-18.098550391384745
Kahramanmaraş,2021,1171298.0,27246.0,35647.0,-8401.0,-7.146755185140602
Kahramanmaraş,2022,1177436.0,29319.0,34501.0,-5182.0,-4.391424941971667
Kahramanmaraş,2023,1116618.0,31582.0,82119.0,-50537.0,-44.25746341689826
Kahramanmaraş,2024,1134105.0,37523.0,30393.0,7130.0,6.306720682151893
Karabük,2021,249287.0,16168.0,11598.0,4570.0,18.50187447874916
Karabük,2022,252058.0,13801.0,12987.0,814.0,3.2346384476914456
Karabük,2023,255242.0,17977.0,14615.0,3362.0,13.259136854642472
Karabük,2024,250478.0,10481.0,14090.0,-3609.0,-14.305391773111491
Karaman,2021,258838.0,12420.0,10885.0,1535.0,5.947987081049558
Karaman,2022,260838.0,11387.0,10969.0,418.0,1.6038123155903603
Karaman,2023,263960.0,15156.0,11829.0,3327.0,12.684118926482054
Karaman,2024,262791.0,10319.0,11846.0,-1527.0,-5.793868061444597
Kars,2021,281077.0,11259.0,16471.0,-5212.0,-18.37262014290599
Kars,2022,274829.0,11568.0,18787.0,-7219.0,-25.92673067840834
Kars,2023,278335.0,15376.0,16382.0,-1006.0,-3.607829635845903
Kars,2024,272300.0,9588.0,16560.0,-6972.0,-25.280471089903042
Kastamonu,2021,375592.0,18463.0,17241.0,1222.0,3.258831780810228
Kastamonu,2022,378115.0,19960.0,16321.0,3639.0,9.670591330483623
Kastamonu,2023,388990.0,30284.0,17608.0,12676.0,33.1267052047291
Kastamonu,2024,381991.0,15894.0,20854.0,-4960.0,-12.90084297645336
Kayseri,2021,1434357.0,40628.0,39915.0,713.0,0.49721042635619717
Kayseri,2022,1441523.0,38374.0,38902.0,-528.0,-0.3662122074897332
Kayseri,2023,1445683.0,47180.0,46791.0,389.0,0.26911317523453143
Kayseri,2024,1452458.0,37960.0,36622.0,1338.0,0.9216215304014564
Kilis,2021,145826.0,7474.0,7262.0,212.0,1.4548449080428218
Kilis,2022,147919.0,8008.0,7629.0,379.0,2.565499781695599
Kilis,2023,155179.0,12750.0,7604.0,5146.0,33.72082355870674
Kilis,2024,156739.0,7503.0,8041.0,-538.0,-3.426576989707531
Kocaeli,2021,2033441.0,83959.0,66332.0,17627.0,8.706292885975321
Kocaeli,2022,2079072.0,89685.0,62534.0,27151.0,13.145023484668213
Kocaeli,2023,2102907.0,92564.0,81219.0,11345.0,5.409504754952295
Kocaeli,2024,2130006.0,80804.0,63593.0,17211.0,8.113036647252605
Konya,2021,2277017.0,64254.0,58865.0,5389.0,2.369496850160872
Konya,2022,2296347.0,57578.0,57765.0,-187.0,-0.08143037017506005
Konya,2023,2320241.0,75214.0,61210.0,14004.0,6.053849169930128
Konya,2024,2330024.0,53971.0,56234.0,-2263.0,-0.9707632116347451
Kütahya,2021,578640.0,21913.0,21052.0,861.0,1.4890796501959929
Kütahya,2022,580701.0,20014.0,21209.0,-1195.0,-2.055742445576584
Kütahya,2023,575674.0,24281.0,28405.0,-4124.0,-7.138208455072905
Kütahya,2024,571078.0,18364.0,20502.0,-2138.0,-3.736801905803928
Kırklareli,2021,366363.0,17846.0,13855.0,3991.0,10.95322716762609
Kırklareli,2022,369347.0,18230.0,13843.0,4387.0,11.948680865087763
Kırklareli,2023,377156.0,22171.0,14336.0,7835.0,20.99193947033867
Kırklareli,2024,379031.0,15265.0,14128.0,1137.0,3.00426065990686
Kırıkkale,2021,275968.0,13449.0,16187.0,-2738.0,-9.87246562845924
Kırıkkale,2022,277046.0,14645.0,14703.0,-58.0,-0.2093296038978616
Kırıkkale,2023,285744.0,23664.0,13403.0,10261.0,36.56630917614441
Kırıkkale,2024,283053.0,13584.0,16881.0,-3297.0,-11.580550155162511
Kırşehir,2021,242944.0,11676.0,13193.0,-1517.0,-6.224802782080611
Kırşehir,2022,244519.0,13231.0,11934.0,1297.0,5.318396444014344
Kırşehir,2023,247179.0,16475.0,12735.0,3740.0,15.246077396263487
Kırşehir,2024,244546.0,11390.0,12511.0,-1121.0,-4.573522122016349
Malatya,2021,808692.0,28521.0,31737.0,-3216.0,-3.9689004072565712
Malatya,2022,812580.0,28684.0,30104.0,-1420.0,-1.7459946636501125
Malatya,2023,742725.0,34414.0,102621.0,-68207.0,-87.80187647595318
Malatya,2024,750491.0,36932.0,31790.0,5142.0,6.87506685206974
Manisa,2021,1456626.0,43325.0,40605.0,2720.0,1.8690741074140398
Manisa,2022,1468279.0,43466.0,37527.0,5939.0,4.053068652049277
Manisa,2023,1475716.0,46467.0,42259.0,4208.0,2.855568494284791
Manisa,2024,1475353.0,37649.0,37328.0,321.0,0.21759872016702902
Mardin,2021,862757.0,28641.0,35957.0,-7316.0,-8.443990466462376
Mardin,2022,870374.0,28747.0,36382.0,-7635.0,-8.733784302409711
Mardin,2023,888874.0,37903.0,33904.0,3999.0,4.509093451215476
Mardin,2024,895911.0,26712.0,31788.0,-5076.0,-5.649736379026523
Mersin,2021,1891145.0,57213.0,57930.0,-717.0,-0.37906353332150855
Mersin,2022,1916432.0,60984.0,57001.0,3983.0,2.080503416011101
Mersin,2023,1938389.0,80493.0,67409.0,13084.0,6.772793083510237
Mersin,2024,1954279.0,60574.0,54703.0,5871.0,3.0086963161534603
Muğla,2021,1021141.0,49545.0,35133.0,14412.0,14.213928900767801
Muğla,2022,1048185.0,49179.0,36702.0,12477.0,11.974703115754984
Muğla,2023,1066736.0,63562.0,40554.0,23008.0,21.80373605046094
Muğla,2024,1081867.0,48895.0,36378.0,12517.0,11.637133771255991
Muş,2021,405228.0,12190.0,24243.0,-12053.0,-29.307885992736857
Muş,2022,399202.0,13847.0,24941.0,-11094.0,-27.409579764248956
Muş,2023,399879.0,18904.0,22595.0,-3691.0,-9.187888714778412
Muş,2024,392301.0,12009.0,22879.0,-10870.0,-27.329686022889554
Nevşehir,2021,308003.0,13646.0,12396.0,1250.0,4.066654087150024
Nevşehir,2022,310011.0,12803.0,12029.0,774.0,2.4998062165723587
Nevşehir,2023,315994.0,19072.0,13307.0,5765.0,18.411971454258307
Nevşehir,2024,317952.0,14417.0,13133.0,1284.0,4.046516025337997
Niğde,2021,363725.0,16287.0,16506.0,-219.0,-0.6019220277351378
Niğde,2022,365419.0,15801.0,15661.0,140.0,0.38319524618926015
Niğde,2023,377080.0,26089.0,15991.0,10098.0,27.142899382040746
Niğde,2024,372708.0,13271.0,18496.0,-5225.0,-13.921435146761235
Ordu,2021,760872.0,27516.0,28547.0,-1031.0,-1.3541068115775476
Ordu,2022,763190.0,28878.0,27184.0,1694.0,2.2220968776521857
Ordu,2023,775800.0,43974.0,29843.0,14131.0,18.382159250040164
Ordu,2024,770711.0,24324.0,29933.0,-5609.0,-7.251309120502434
Osmaniye,2021,553012.0,18648.0,22445.0,-3797.0,-6.842544878858844
Osmaniye,2022,559405.0,20565.0,21827.0,-1262.0,-2.2534265654350794
Osmaniye,2023,557666.0,27059.0,30896.0,-3837.0,-6.856873269363251
Osmaniye,2024,561061.0,19752.0,20460.0,-708.0,-1.2610991868760186
Rize,2021,345662.0,15956.0,15605.0,351.0,1.0159586554033224
Rize,2022,344016.0,14716.0,16938.0,-2222.0,-6.438209702515306
Rize,2023,350506.0,24347.0,18372.0,5975.0,17.193329275995378
Rize,2024,346977.0,13448.0,17592.0,-4144.0,-11.872258622714863
Sakarya,2021,1060876.0,40379.0,31048.0,9331.0,8.834413215926181
Sakarya,2022,1080080.0,41396.0,31141.0,10255.0,9.539956416678876
Sakarya,2023,1098115.0,47730.0,33515.0,14215.0,13.029241320522544
Sakarya,2024,1110735.0,37116.0,30501.0,6615.0,5.973302992746703
Samsun,2021,1371274.0,47471.0,45791.0,1680.0,1.2258890249366259
Samsun,2022,1368488.0,48681.0,43757.0,4924.0,3.6046166031978895
Samsun,2023,1377546.0,65364.0,50570.0,14794.0,10.79736583393485
Samsun,2024,1382376.0,46841.0,43246.0,3595.0,2.603980867440714
Siirt,2021,331980.0,12670.0,16340.0,-3670.0,-10.994113505983854
Siirt,2022,331311.0,12356.0,17607.0,-5251.0,-15.724546433229072
Siirt,2023,347412.0,21120.0,16468.0,4652.0,13.480697565244606
Siirt,2024,336453.0,10193.0,21815.0,-11622.0,-33.956244302643576
Sinop,2021,218408.0,13211.0,10548.0,2663.0,12.267564660384704
Sinop,2022,220799.0,14155.0,11291.0,2864.0,13.055746762275092
Sinop,2023,229716.0,20887.0,11499.0,9388.0,41.72036511985495
Sinop,2024,226957.0,10903.0,13075.0,-2172.0,-9.52451949851563
Sivas,2021,636121.0,25720.0,28285.0,-2565.0,-4.024138555875517
Sivas,2022,634924.0,24583.0,27668.0,-3085.0,-4.847073648023894
Sivas,2023,650401.0,48214.0,31783.0,16431.0,25.586065085555497
Sivas,2024,637007.0,21808.0,35421.0,-13613.0,-21.144322074638072
Tekirdağ,2021,1113400.0,60190.0,37516.0,22674.0,20.57414140570911
Tekirdağ,2022,1142451.0,63354.0,37969.0,25385.0,22.469403859320376
Tekirdağ,2023,1167059.0,63230.0,45182.0,18048.0,15.585021178116378
Tekirdağ,2024,1187162.0,53439.0,37996.0,15443.0,13.093496450223645
Tokat,2021,602567.0,35555.0,31400.0,4155.0,6.91935495957881
Tokat,2022,596454.0,28325.0,35358.0,-7033.0,-11.722243010281339
Tokat,2023,606934.0,45011.0,34546.0,10465.0,17.392344875324394
Tokat,2024,612674.0,38697.0,32350.0,6347.0,10.413445107920339
Trabzon,2021,816684.0,29914.0,29442.0,472.0,0.578113976640276
Trabzon,2022,818023.0,28168.0,30339.0,-2171.0,-2.6504425237926355
Trabzon,2023,824352.0,41272.0,35644.0,5628.0,6.850565646385195
Trabzon,2024,822270.0,26772.0,29887.0,-3115.0,-3.7811313654861
Tunceli,2021,83645.0,7054.0,6517.0,537.0,6.440663736184657
Tunceli,2022,84366.0,8081.0,7578.0,503.0,5.979944004898085
Tunceli,2023,89317.0,11806.0,7234.0,4572.0,52.533005480805684
Tunceli,2024,86612.0,6739.0,8868.0,-2129.0,-24.28244740608943
Uşak,2021,373183.0,13705.0,12231.0,1474.0,3.957620702061507
Uşak,2022,375454.0,13255.0,12313.0,942.0,2.5121138824960068
Uşak,2023,377001.0,14575.0,13122.0,1453.0,3.8615425706498843
Uşak,2024,375310.0,11053.0,11886.0,-833.0,-2.2170381913439696
Van,2021,1141015.0,30318.0,58185.0,-27867.0,-24.12834858004491
Van,2022,1128749.0,33903.0,62422.0,-28519.0,-24.950820575700007
Van,2023,1127612.0,39585.0,56547.0,-16962.0,-14.930115756368536
Van,2024,1118087.0,31418.0,54023.0,-22605.0,-20.015238321234612
Yalova,2021,291001.0,16965.0,11564.0,5401.0,18.733925192637543
Yalova,2022,296333.0,18466.0,12007.0,6459.0,22.036584346485117
Yalova,2023,304780.0,22979.0,12563.0,10416.0,34.76960463594728
Yalova,2024,307882.0,17812.0,13049.0,4763.0,15.59080918034504
Yozgat,2021,418500.0,18320.0,22928.0,-4608.0,-10.950466250320815
Yozgat,2022,418442.0,19580.0,22042.0,-2462.0,-5.8664722295692115
Yozgat,2023,420699.0,29124.0,22387.0,6737.0,16.143080843599975
Yozgat,2024,413161.0,16151.0,24594.0,-8443.0,-20.22844752714836
Zonguldak,2021,589684.0,20883.0,21991.0,-1108.0,-1.8772088547331756
Zonguldak,2022,588510.0,20334.0,21695.0,-1361.0,-2.3099489893336704
Zonguldak,2023,591492.0,26828.0,22615.0,4213.0,7.148122917852577
Zonguldak,2024,586802.0,18070.0,21563.0,-3493.0,-5.9349399412282935
Çanakkale,2021,557276.0,31210.0,19429.0,11781.0,21.36617665861725
Çanakkale,2022,559383.0,27747.0,22233.0,5514.0,9.906112901661078
Çanakkale,2023,570499.0,32719.0,22615.0,10104.0,17.869048734894694
Çanakkale,2024,568966.0,24714.0,21211.0,3503.0,6.17579416605182
Çankırı,2021,196515.0,15288.0,12457.0,2831.0,14.510544619540285
Çankırı,2022,195766.0,13649.0,14061.0,-412.0,-2.1023411507766414
Çankırı,2023,205501.0,25333.0,13438.0,11895.0,59.60807502749889
Çankırı,2024,199981.0,13129.0,18744.0,-5615.0,-27.68894685842639
Çorum,2021,526282.0,18029.0,22011.0,-3982.0,-7.537769297314078
Çorum,2022,524130.0,18723.0,20448.0,-1725.0,-3.2857612251603596
Çorum,2023,528351.0,27902.0,20273.0,7629.0,14.54426908327638
Çorum,2024,521335.0,16415.0,23143.0,-6728.0,-12.82258971334041
İstanbul,2021,15840900.0,385328.0,408165.0,-22837.0,-1.4406094603764112
İstanbul,2022,15907951.0,385294.0,418082.0,-32788.0,-2.058985785600601
İstanbul,2023,15655924.0,412707.0,581330.0,-168623.0,-10.712863857723095
İstanbul,2024,15701602.0,395485.0,369453.0,26032.0,1.6592954903647785
İzmir,2021,4425789.0,131394.0,109470.0,21924.0,4.965993004935414
İzmir,2022,4462056.0,132426.0,107312.0,25114.0,5.644230957238108
İzmir,2023,4479525.0,147765.0,125643.0,22122.0,4.950694466823499
İzmir,2024,4493242.0,117889.0,102040.0,15849.0,3.5335291202908157
Şanlıurfa,2021,2143020.0,40371.0,66987.0,-26616.0,-12.343205671864391
Şanlıurfa,2022,2170110.0,45648.0,68264.0,-22616.0,-10.367568251476792
Şanlıurfa,2023,2213964.0,63205.0,63559.0,-354.0,-0.15988141676614093
Şanlıurfa,2024,2237745.0,41771.0,60925.0,-19154.0,-8.523033192395216
Şırnak,2021,546589.0,17072.0,20431.0,-3359.0,-6.126560252868805
Şırnak,2022,557605.0,20096.0,23469.0,-3373.0,-6.030844380792485
Şırnak,2023,570745.0,22726.0,21572.0,1154.0,2.023964866495489
Şırnak,2024,570826.0,15266.0,23363.0,-8097.0,-14.084813294032001
